Node,clique_id
1494,143_2
1497,143_2
1513,144_4
1518,144_4
1517,144_4
1520,144_4
1873,2197571_4
1870,2197563_5
1558,281_4
1571,280_4
1566,288_3
1567,288_3
1569,281_4
1572,288_3
1568,292_3
1574,292_3
1825,295_5
1633,302_3
1577,292_3
1576,297_5
1581,302_3
1605,297_5
1570,296_3
1655,296_3
1649,318_3
1617,312_3
1659,312_3
1580,297_5
1578,300_4
1637,318_3
1926,305_4
1587,304_4
1586,305_4
1579,301_3
1582,302_3
1690,318_3
1593,2105428_18
1688,2197221_15
1801,2107685_19
1811,2197554_18
1778,2197547_17
1776,2197349_16
1768,2197314_17
1666,2197299_19
1783,2197329_16
1839,2197567_10
1822,2197547_17
1766,1130409_23
1738,1026593_16
1669,2197329_16
1767,1720987_18
1814,2197350_12
1805,2197256_15
1594,2188928_22
1809,2197327_16
1804,2186386_26
1810,2197547_17
1781,2107971_16
1771,1880075_18
1784,2197547_17
1742,2197329_16
1691,2196927_32
1743,2188976_24
1746,2197152_18
1803,2197546_17
1777,2197217_14
1775,2197151_30
1695,2197221_15
1670,2188928_22
1722,2197326_17
1762,2197329_16
1720,2197299_19
1761,2188397_23
1680,2197271_17
1863,2197567_10
1760,2197328_19
1802,2197565_7
1759,2197218_14
1795,2192117_33
1642,2197565_7
1788,2186254_13
1797,2186649_12
1772,2197169_16
1770,2197190_17
1739,2197329_16
1745,2197328_19
1794,2197566_9
1790,2197279_19
1848,2197380_5
1681,2197221_15
1703,2164526_13
1731,2197212_18
1740,1067023_23
1807,2189020_20
1821,2197567_10
1793,2197093_30
1752,1089190_20
1779,1958359_21
1606,2163899_25
1751,2197328_19
1753,2197219_15
1709,2197329_16
1728,2197329_16
1773,2197328_19
1792,2197212_18
1764,2192850_9
1830,2197143_31
1673,2197326_17
1808,2197329_16
1718,2197299_19
1700,2186481_23
1710,2186481_23
1607,2197299_19
1812,2197218_14
1699,2197147_28
1799,2197555_15
1719,2197329_16
1750,2186485_15
1664,2197073_32
1675,2197329_16
1789,2186486_13
1717,2186481_23
1756,1091015_14
1735,2197329_16
1757,2197349_16
1786,2098378_26
1741,2195967_22
1672,2197299_19
1705,2186386_26
1667,2189024_21
1824,2197551_15
1831,2197567_10
1677,2197295_20
1832,2197555_15
1782,2197555_15
1714,2186481_23
1706,2197151_30
1727,1957826_23
1723,1948705_17
1806,2190519_21
1897,2197571_4
1665,2197299_19
1711,2197329_16
1704,2197143_31
1674,2189024_21
1676,2197323_17
1654,2098195_25
1663,2197329_16
1693,2101253_33
1678,2107685_19
1708,2197323_17
1730,2197151_30
1620,2197567_10
1785,2197221_15
1787,2107975_8
1852,2197555_15
1840,2197567_10
1857,2197554_18
1820,2197554_18
1859,2197558_8
1842,2197567_10
1838,2197567_10
1828,2197555_15
1853,2197555_15
1860,2197553_15
1864,2197571_4
1817,2197555_15
1845,2197555_15
1829,2197567_10
1826,2197567_10
1626,313_5
1630,314_2
1631,314_2
1639,320_4
1858,2197538_15
1851,2197420_6
1733,2197565_7
1818,2197565_7
1849,2197565_7
1712,2029512_17
1647,368_12
1713,2197329_16
1648,379_15
1702,2197291_21
1682,621_9
1765,2197291_21
1734,1948704_25
1656,2197329_16
1660,419_3
1701,720_9
1698,712_3
1780,1903801_12
1683,696_9
1685,707_11
1716,1948600_21
1749,1067026_9
1694,1948705_17
1819,2197350_12
1732,727_3
1833,2197361_8
1834,2197379_4
1769,1720988_3
1791,2186487_3
1798,2186651_6
1856,2197558_8
1854,2197558_8
1868,2197562_7
1861,2197562_7
1836,2197382_5
1847,2197387_5
1891,2197562_7
1855,2197563_5
1874,2197562_7
1879,2197379_4
1850,2197390_7
1871,2197562_7
1865,2197568_4
1875,2197570_4
1869,2197570_4
1867,2197570_4
1877,2197571_4
1878,2197568_4
1886,2197570_4
1910,2197578_3
1907,2197578_3
1908,2197578_3
1911,2197579_2
1919,2197579_2
1917,2197582_3
1918,2197582_3
1922,2197582_3
1930,2197615_5
2294,2199500_3
2273,2199479_3
2286,2199492_3
2291,2199497_3
2279,2199483_3
2253,2199456_5
2261,2199472_3
2299,2199501_4
2292,2199497_3
2283,2199488_4
2290,2199496_4
2758,2199501_4
2285,2199491_4
2295,2199504_4
2346,2199559_8
2345,2199557_7
2270,2199474_3
2305,2199514_3
2264,2199470_5
1931,2197616_2
1933,2197616_2
1935,2197619_4
1942,2197618_6
1936,2197626_4
1943,2197626_4
1959,2197626_4
1957,2197619_4
1953,2197624_5
1967,2197626_4
1939,2197622_3
1946,2197625_4
1952,2197624_5
1954,2197623_5
1937,2197627_4
1940,2197628_3
1941,2197628_3
1948,2197627_4
1944,2197629_4
1969,2197642_5
1970,2197639_7
1977,2197640_6
1968,2197638_5
1975,2197642_5
1971,2197645_6
1972,2197645_6
1980,2197645_6
1987,2197640_6
1983,2197641_6
1973,2197645_6
1978,2197644_4
1993,2197647_4
1988,2197646_4
1981,2197647_4
1997,2197651_6
1995,2197650_3
2004,2197660_3
1999,2197655_4
2012,2197667_5
2002,2197658_4
2006,2197667_5
2030,2197693_5
2013,2197678_6
2011,2197675_6
2026,2197691_6
2009,2197672_7
2020,2197689_7
2008,2197660_3
2018,2197693_5
2027,2197685_8
2024,2199090_6
2019,2197689_7
2025,2199094_6
2010,2197674_3
2021,2197700_6
2028,2199096_6
2015,2197680_4
2161,2199291_4
2162,2199291_4
2166,2199298_3
2169,2197679_4
2031,2199100_9
2035,2199117_7
2029,2199097_8
2032,2197683_6
2042,2199123_8
2036,2197690_3
2039,2199123_8
2048,2199142_7
2038,2199117_7
2033,2199102_7
2034,2199106_6
2050,2199098_5
2055,2199117_7
2043,2199129_7
2058,2199147_7
2056,2199153_7
2052,2199130_6
2047,2199147_7
2059,2199187_9
2049,2199142_7
2067,2199147_7
2061,2199185_6
2071,2199187_9
2065,2199183_9
2081,2199154_7
2082,2199209_9
2084,2199199_7
2066,2199186_10
2074,2199183_9
2086,2199167_7
2057,2199167_7
2070,2199187_9
2083,2199183_9
2076,2199198_9
2087,2199208_7
2090,2199204_10
2080,2199169_10
2085,2199209_9
2077,2199202_10
2092,2199211_7
2088,2199209_9
2116,2199255_7
2106,2199250_8
2107,2199247_8
2114,2199208_7
2096,2199229_11
2098,2199229_11
2095,2199234_5
2094,2199229_11
2093,2199229_11
2111,2199247_8
2104,2199222_11
2105,2199219_8
2103,2199255_7
2121,2199265_7
2113,2199261_7
2109,2199251_5
2115,2199253_7
2126,2199274_8
2127,2199274_8
2124,2199250_8
2128,2199274_8
2141,2199251_5
2123,2199245_9
2129,2199251_5
2135,2199239_4
2138,2199245_9
2142,2199274_8
2133,2199265_7
2148,2199244_8
2145,2199249_8
2140,2199274_8
2137,2199274_8
2143,2199274_8
2147,2199274_8
2136,2199278_2
2150,2199278_2
2154,2199285_3
2155,2199286_3
2177,2199290_3
2171,2199289_3
2173,2199291_4
2185,2199312_3
2193,2199323_4
2183,2199309_4
2222,2199381_5
2214,2199363_3
2213,2199360_4
2694,2199387_3
2216,2199368_3
2191,2199318_3
2204,2199352_5
2195,2199323_4
2209,2199339_4
2845,2199368_3
2205,2199356_5
2232,2199406_4
2208,2199351_5
2197,2199328_4
2256,2199457_4
2198,2199333_3
2255,2199456_5
2254,2199453_5
2245,2199429_4
2250,2199440_5
2698,2199437_6
2199,2199339_4
2243,2199428_3
2226,2199387_3
2236,2199410_6
2816,2199501_4
2219,2199378_5
2926,2200930_4
2887,2200886_4
2899,2200901_5
2900,2199372_3
2892,2200886_4
2882,2200885_5
2885,2200885_5
2898,2200893_3
2906,2199370_3
2929,2200942_3
2886,2200886_4
2942,2200930_4
2260,2199439_6
2227,2199389_5
2301,2199435_4
2228,2199391_3
2266,2199470_5
2230,2199400_3
2259,2199452_5
2240,2199425_7
2677,2200616_6
2660,2200612_6
2672,2200616_6
2657,2200602_6
2659,2200612_6
2678,2200616_6
2658,2200601_6
2674,2200616_6
2625,2200594_3
2671,2200616_6
2652,2200609_6
2651,2200608_7
2246,2199432_5
2258,2199469_4
2840,2200825_6
2834,2200831_5
2830,2200825_6
2864,2200843_3
3548,2200831_5
3401,2200864_6
2855,2199468_6
2853,2200830_4
2858,2199469_4
2274,2199482_3
2357,2199589_9
2338,2199553_7
2894,2199626_7
2335,2199497_3
2327,2199514_3
2311,2199483_3
2282,2199484_3
2386,2199539_5
2312,2199514_3
2287,2199493_5
2289,2199495_3
2331,2199543_6
2350,2199564_7
2353,2199573_11
2304,2199512_7
2385,2199626_7
2374,2199626_7
2373,2199625_10
2376,2199619_11
2362,2199598_12
2404,2199626_7
2315,2199521_5
2316,2199524_6
2342,2199555_5
2375,2199621_12
2361,2199594_12
2389,2199633_4
2393,2199629_4
2396,2199627_5
2372,2199625_10
2391,2199625_10
2403,2199646_4
2401,2199588_7
2390,2199626_7
2379,2199629_4
2367,2199601_4
2409,2199646_4
2407,2199633_4
2397,2199624_11
2387,2199628_5
2802,2199595_4
2395,2199596_3
2399,2199625_10
2405,2199646_4
2418,2199647_3
2411,2199647_3
2410,2199629_4
2408,2199646_4
2425,2199647_3
2422,2199669_3
2434,2199669_3
2426,2199673_4
2437,2199669_3
2444,2199695_5
2461,2199776_5
2454,2199673_4
2456,2199767_5
2958,2199772_3
3226,2199976_3
2483,2199809_3
2451,2199761_7
3067,2201063_8
3160,2199704_3
3183,2199748_3
3128,2199758_10
3137,2199704_3
3083,2201094_4
3123,2201107_4
3122,2201110_3
3111,2201109_6
3109,2201109_6
3110,2201111_3
3135,2201101_6
3119,2201109_6
2987,2200974_3
3149,2201127_3
3061,2201060_8
3174,2199705_6
3117,2201109_6
3151,2201127_3
3100,2201105_6
3125,2199760_8
3131,2199750_4
3112,2201077_7
3107,2201097_3
3118,2201056_5
3108,2201109_6
3127,2201111_3
3085,2201097_3
3070,2201070_6
3066,2201070_6
3091,2201088_6
2455,2199765_3
2462,2199771_3
2459,2199772_3
2475,2199789_4
2488,2199829_5
2466,2199772_3
2474,2199786_4
2522,2200020_14
2516,2199976_3
2463,2199777_2
2464,2199777_2
2481,2199797_3
2487,2199825_10
2486,2199813_3
2480,2199794_3
2587,2200095_4
2549,2200051_13
2568,2200063_13
2560,2200019_14
2521,2199869_17
2578,2200063_13
2523,2200020_14
2537,2200042_4
2546,2200046_3
2494,2199809_3
2518,2199977_16
2556,2200063_13
2511,2199966_21
2563,2200063_13
2507,2199936_23
2508,2199948_15
2535,2200040_16
2509,2199963_15
2485,2199811_3
3029,2200046_3
2519,2200024_14
2555,2200061_13
2514,2199934_24
2544,2200012_15
2539,2200042_4
2538,2200040_16
2503,2199848_17
2517,2199966_21
2527,2199815_10
2531,2200017_16
2532,2200036_17
2545,2200049_4
2491,2199834_3
2548,2199968_3
2496,2199837_4
2533,2199834_3
2505,2199837_4
2512,2199968_3
2525,2200025_5
2547,2199967_3
2570,2200067_3
2551,2200063_13
2528,2199962_13
2588,2200063_13
2574,2200063_13
2559,2200063_13
2567,2200063_13
2515,2199971_14
2571,2200063_13
2573,2200063_13
2553,2200062_14
2530,2200032_18
2524,2200001_14
2534,2199925_26
2564,2200012_15
2583,2200055_9
2575,2200063_13
2602,2199968_3
2543,2199975_7
2580,2200095_4
2562,2200068_3
2566,2200042_4
2540,2200046_3
2541,2200048_8
2576,2200049_4
2572,2200063_13
2581,2200049_4
2585,2200049_4
2593,2200105_3
2582,2200068_3
2622,2200589_6
2599,2200101_3
2620,2200581_4
2612,2200542_3
2586,2200101_3
2616,2200101_3
2623,2200591_6
2619,2200583_7
2630,2200597_3
2637,2200603_3
2635,2200602_6
2661,2200612_6
2627,2200591_6
2631,2200598_5
2629,2200596_5
2621,2200587_3
3394,2201251_4
3378,2200586_6
3387,2201249_3
3383,2200586_6
3381,2200586_6
3388,2201251_4
3875,2200585_5
3395,2201249_3
2633,2200596_5
2681,2200615_5
2655,2200611_5
2646,2200606_4
2634,2200600_6
2650,2200602_6
2668,2200606_4
2649,2200606_4
2669,2200614_5
2682,2200625_3
2675,2200614_5
2717,2200652_3
3361,2200639_3
2680,2200623_2
2706,2200623_2
2703,2200640_3
2715,2200650_3
2753,2200777_14
2751,2200766_15
2732,2200675_14
2733,2200676_3
2734,2200678_5
2723,2200656_5
2977,2200959_3
2968,2200960_3
2961,2200955_3
2939,2200949_5
2985,2200926_4
2957,2200953_4
2757,2200795_16
2761,2200795_16
2783,2200795_16
2776,2200795_16
2738,2200692_18
2762,2200795_16
2754,2200783_20
2755,2200794_8
2739,2200717_13
2772,2200795_16
2763,2200795_16
2765,2200795_16
2750,2200769_18
2782,2200792_15
2793,2200754_21
2780,2200790_10
2777,2200795_16
2756,2200792_15
2787,2200795_16
2792,2200795_16
2778,2200717_13
2784,2200795_16
2767,2200783_20
2774,2200792_15
2764,2200792_15
2773,2200794_8
2760,2200795_16
2741,2200738_4
2779,2200783_20
2768,2200795_16
2809,2200811_3
2743,2200738_4
2788,2200795_16
2807,2200777_14
2805,2200784_7
2806,2200810_3
3407,2200793_8
2786,2200795_16
2819,2200810_3
2804,2200809_4
3302,2201188_3
3267,2201188_3
2927,2200939_4
3322,2201196_3
3324,2201197_3
2826,2200821_8
2817,2200816_3
3596,2200815_3
3582,2201373_3
3569,2201373_3
3578,2200816_3
2862,2200824_8
2838,2200824_8
2843,2200823_5
2839,2200825_6
2870,2200864_6
2859,2200841_3
2919,2200923_3
2893,2200893_3
2890,2200893_3
2868,2200859_3
3045,2201035_9
3036,2201033_10
3064,2201063_8
3060,2201015_5
2978,2200969_4
3044,2201040_7
3054,2201016_5
3024,2201028_6
3027,2201029_5
3028,2201033_10
3007,2201001_3
3053,2201050_9
3004,2200999_9
3030,2201028_6
3010,2201010_8
2896,2200884_5
2883,2200886_4
2948,2200928_5
2912,2200911_4
2933,2200942_3
2901,2200903_3
2941,2200911_4
2904,2200908_4
3314,2201176_3
3248,2201183_5
3300,2201191_4
3288,2201191_4
3269,2201189_3
3258,2201183_5
2923,2200911_4
2955,2200953_4
2949,2200922_3
2946,2200950_4
2930,2200918_3
2947,2200949_5
2928,2200919_4
2935,2200917_5
2943,2200923_3
2964,2200930_4
3315,2200939_4
3271,2201186_4
3310,2200937_4
3299,2201191_4
3301,2201182_4
3309,2200936_4
3307,2201192_3
3046,2201044_5
2982,2200953_4
2989,2200960_3
2984,2200952_3
2983,2200955_3
3063,2201028_6
3023,2201017_5
3035,2201036_6
3006,2201000_4
3031,2201035_9
3147,2201109_6
3003,2200981_3
3033,2201028_6
3049,2201046_6
3032,2201019_4
3018,2201011_2
3038,2201011_2
3597,2201014_5
3057,2201056_5
3082,2201036_6
3484,2201296_4
3477,2201044_5
3482,2201296_4
3499,2201044_5
3481,2201296_4
3502,2201299_3
3212,2201159_3
3072,2201081_3
3075,2201084_3
3116,2201097_3
3058,2201057_4
3084,2201081_3
3074,2201083_5
3092,2201084_3
3080,2201089_5
3164,2201094_4
3096,2201101_6
3170,2201111_3
3163,2201126_3
3196,2201127_3
3195,2201125_3
3156,2201129_2
3229,2201129_2
3246,2201166_3
3239,2201165_4
3198,2201146_5
3230,2201163_3
3244,2201175_3
3243,2201146_5
3203,2201151_3
3234,2201170_3
3253,2201170_3
3261,2201183_5
3491,2201299_3
3241,2201171_4
3231,2201166_3
3256,2201183_5
3264,2201186_4
3286,2201175_3
3818,2201191_4
3247,2201176_3
3318,2201188_3
3282,2201189_3
3328,2201194_3
3321,2201193_4
3334,2201202_6
3343,2201202_6
3342,2201202_6
3338,2201203_4
3351,2201203_4
3332,2201200_7
3345,2201203_4
3360,2201199_7
3341,2201200_7
3356,2201203_4
3333,2201201_6
3627,2201246_11
3635,2201247_6
3628,2201246_11
3624,2201246_11
3634,2201246_11
3350,2201207_6
3817,2201452_4
3820,2201450_5
3823,2201452_4
3841,2201447_7
3842,2201451_5
3363,2201247_6
3633,2201247_6
3645,2201246_11
3963,2201247_6
3637,2201246_11
3646,2201247_6
3640,2201247_6
3404,2201251_4
3400,2201249_3
3406,2201251_4
3403,2201258_4
3947,2201580_3
3936,2201256_7
3946,2201580_3
3927,2201534_3
3919,2201257_6
3894,2201533_3
3960,2201571_4
3895,2201534_3
3924,2201254_4
3932,2201572_5
3416,2201259_2
3426,2201259_2
3423,2201262_4
3444,2201267_3
3433,2201268_3
3440,2201261_4
3438,2201271_4
3430,2201263_3
3437,2201269_3
3448,2201271_4
3449,2201291_3
3469,2201291_3
3461,2201294_3
3476,2201296_4
3486,2201299_3
3492,2201302_2
3497,2201302_2
3504,2201334_8
4038,2207604_12
4036,2210155_8
4060,2212906_4
4023,2207349_12
4056,2211840_9
4057,2211840_9
4042,2207604_12
4018,2207353_10
4034,2207341_8
4021,2207606_9
4035,2210154_9
4033,2207342_9
4047,2211840_9
4025,2209989_9
4046,2210155_8
4048,2211840_9
4058,2211840_9
4017,2207349_12
4026,2207604_12
3561,2201370_3
3574,2201370_3
3939,2201370_3
3563,2201371_3
3564,2201371_3
3573,2201373_3
3590,2201387_4
4105,2212984_4
4106,2212981_4
4094,2212984_4
4088,2212986_3
4111,2212986_3
4071,2211840_9
4069,2212980_3
4075,2212981_4
4068,2211840_9
3604,2201390_2
3605,2201390_2
3623,2201394_2
3636,2201394_2
3663,2201401_3
4285,2213018_4
4321,2213025_5
4267,2201397_4
4255,2213013_3
4328,2213031_3
4307,2201398_3
4271,2201401_3
4293,2213017_4
4312,2213018_4
4252,2201456_3
3672,2201405_4
3677,2201405_4
3691,2201405_4
3695,2201405_4
3724,2201410_2
3729,2201410_2
3735,2201411_2
3989,2201411_2
3749,2201419_2
3861,2201419_2
3810,2201448_5
3833,2201447_7
3849,2201452_4
3838,2201451_5
3855,2201452_4
3825,2201456_3
4655,2213013_3
4253,2201456_3
4237,2213013_3
3862,2201495_4
3921,2201560_3
3916,2201555_3
3923,2201531_5
3882,2201518_4
3920,2201552_3
3897,2201534_3
3889,2201532_5
3866,2201498_2
3917,2201498_2
3879,2201512_4
3899,2201538_5
3912,2201531_5
3938,2201578_4
3914,2201553_5
3896,2201524_3
3903,2201541_5
3973,2201572_5
3948,2201577_3
3955,2201583_3
4565,2201583_3
3931,2201560_3
3942,2201578_4
3978,2201570_3
3943,2201577_3
3972,2201578_4
3959,2201583_3
4004,2201596_3
4010,2205252_3
4037,2210156_9
4027,2207338_11
4073,2212980_3
4070,2207321_3
4087,2212981_4
4085,2212984_4
4127,2212986_3
4095,2212988_3
4573,2212988_3
4570,2212988_3
4132,2212990_2
4549,2212990_2
4138,2212991_2
4154,2212991_2
4166,2213006_6
4620,2213163_4
4664,2213003_6
4651,2213167_4
4668,2213162_9
4624,2213163_4
5055,2213164_4
4657,2213168_4
4659,2213167_4
4437,2213006_6
4660,2213003_6
4656,2213164_4
4619,2213163_4
4666,2213004_8
4640,2213162_9
4642,2213162_9
4616,2213162_9
4644,2213153_10
4681,2212994_8
4289,2213019_4
4308,2213018_4
4337,2213033_5
4327,2213030_3
4311,2213023_3
4355,2213041_4
4363,2213047_4
4347,2213027_5
4351,2213037_4
4342,2213034_3
4344,2213026_5
4350,2213030_3
4373,2213047_4
4630,2213047_4
4385,2213043_3
4389,2213054_3
4357,2213042_5
4370,2213045_5
4740,2213045_5
4380,2213046_3
4393,2213054_3
4399,2213047_4
4405,2213054_3
4416,2213058_2
4428,2213058_2
4442,2213059_2
4450,2213059_2
4482,2213063_3
4490,2213071_4
4488,2213069_3
4500,2213071_4
4503,2213069_3
4920,2213071_4
4521,2213076_3
4507,2213071_4
4516,2213074_2
4519,2213074_2
4520,2213076_3
4530,2213076_3
4525,2213077_3
4544,2213077_3
4528,2213077_3
4562,2213081_2
4600,2213081_2
4586,2213083_5
4592,2213106_6
4607,2213125_6
4614,2213144_7
4621,2213143_9
4609,2213132_9
4588,2213088_5
4602,2213109_4
4598,2213084_4
4610,2213113_6
4591,2213105_5
5020,2213103_5
4615,2213125_6
4632,2213161_9
4626,2213148_4
4618,2213143_9
4634,2213151_5
4647,2213164_4
4605,2213118_9
4612,2213136_9
4606,2213119_5
4627,2213164_4
4635,2213165_5
4617,2213156_6
4641,2213159_6
4665,2213163_4
4661,2213168_4
4658,2213167_4
4673,2213170_3
4674,2213170_3
4697,2213170_3
4677,2213178_4
5073,2213535_4
5087,2213538_5
5083,2213535_4
5100,2213539_3
5067,2213527_5
5052,2213525_4
5068,2213528_3
5081,2213539_3
5091,2213538_5
5069,2213528_3
4753,2213192_6
4768,2213199_6
4771,2213199_6
4761,2213199_6
4773,2213198_7
4763,2213199_6
4770,2213198_7
4772,2213199_6
4755,2213196_2
4775,2213196_2
4778,2213199_6
4787,2213202_3
4799,2213202_3
4806,2213204_3
4803,2213203_3
4807,2213204_3
4813,2213204_3
4856,2213209_2
4860,2213209_2
4889,2213216_3
5518,2213879_5
5276,2213749_7
5324,2213865_6
5321,2213815_7
5355,2213980_8
5301,2213830_6
4936,2213408_3
4935,2213404_13
5371,2213502_9
5394,2214057_6
5368,2214042_14
5396,2214064_4
5392,2214064_4
5400,2213386_13
5372,2214054_6
5381,2214061_6
5370,2214046_11
4965,2213503_9
5369,2214052_7
5356,2214047_5
5380,2214040_15
5373,2214047_5
5399,2214064_4
5359,2214047_5
5353,2214014_4
5378,2214061_6
5377,2214042_14
5379,2213988_10
5387,2214060_7
5385,2214059_7
5383,2214046_11
5390,2214052_7
5357,2214040_15
5398,2214059_7
5393,2214061_6
5424,2213405_3
5466,2213408_3
4941,2213408_3
5417,2213407_3
4943,2213407_3
4937,2213409_7
4944,2213413_3
4958,2213409_7
4956,2213413_3
4957,2213412_6
4947,2213412_6
4948,2213412_6
4942,2213412_6
4987,2213413_3
5354,2214047_5
5349,2213946_8
5350,2213988_10
4967,2213505_4
4988,2213505_4
4976,2213505_4
5473,2213505_4
5017,2213517_5
5032,2213521_7
5026,2213521_7
5033,2213521_7
5029,2213521_7
5039,2213521_7
5038,2213520_7
5030,2213521_7
5044,2213521_7
5042,2213523_2
5045,2213523_2
5071,2213535_4
5066,2213526_4
5098,2213539_3
5090,2213538_5
5095,2213528_3
5092,2213535_4
5103,2213542_3
5134,2213554_3
5114,2213544_3
5111,2213543_4
5128,2213546_4
5131,2213547_4
5126,2213547_4
5136,2213556_3
5130,2213552_3
5332,2213874_7
5298,2213820_7
5333,2213867_4
5302,2213795_6
5289,2213801_5
5262,2213705_10
5327,2213867_4
5152,2213557_3
5158,2213557_3
5165,2213557_3
5159,2213558_3
5170,2213559_2
5181,2213559_2
5171,2213560_2
5188,2213560_2
5178,2213568_5
5236,2213655_9
5247,2213675_10
5223,2213598_6
5297,2213697_12
5224,2213619_10
5213,2213590_9
5244,2213667_11
5222,2213597_3
5253,2213684_11
5251,2213650_3
5216,2213592_9
5227,2213601_7
5179,2213569_4
5268,2213723_7
5269,2213718_11
5267,2213718_11
5185,2213570_7
5228,2213636_8
5233,2213643_5
5197,2213571_6
5277,2213702_12
5280,2213752_9
5198,2213573_3
5202,2213580_7
5309,2213818_8
5305,2213833_4
5313,2213841_5
5320,2213853_6
5306,2213820_7
5281,2213763_5
5239,2213656_5
5603,2213743_4
5245,2213587_7
5241,2213661_6
5218,2213594_3
5240,2213593_4
5238,2213593_4
5303,2213799_6
5412,2213597_3
5243,2213598_6
5261,2213703_10
5283,2213770_9
5270,2213703_10
5254,2213689_12
5226,2213621_8
5317,2213849_4
5558,2214124_3
5246,2213669_9
5234,2213645_4
5282,2213670_4
5263,2213707_6
5265,2213673_6
5391,2213703_10
5304,2213831_6
5322,2213862_4
5326,2213801_5
5319,2213848_3
5315,2213855_7
5295,2213735_4
5308,2213743_4
5343,2213841_5
5288,2213773_2
5293,2213773_2
5296,2213776_6
5347,2213875_4
5291,2213806_5
5342,2213879_5
5340,2213841_5
5294,2213809_3
5323,2213848_3
5341,2213875_4
5330,2213833_4
5334,2213875_4
5348,2213940_8
5314,2213848_3
5318,2213862_4
5363,2214047_5
5346,2213859_5
5367,2214051_3
5409,2214052_7
5395,2214057_6
5389,2214061_6
5416,2214064_4
5406,2214067_2
5522,2214067_2
5461,2214082_3
5482,2214082_3
5470,2214082_3
5469,2214086_3
5465,2214085_2
5477,2214085_2
5495,2214104_9
5485,2214097_10
5504,2214104_9
5476,2214088_6
5510,2214107_6
5505,2214107_6
5503,2214107_6
5515,2214107_6
5483,2214093_4
5507,2214101_7
5498,2214104_9
5484,2214096_8
5496,2214104_9
5497,2214105_6
5489,2214101_7
5513,2214107_6
5487,2214099_4
5509,2214107_6
5506,2214104_9
5501,2214106_3
5537,2214112_2
5557,2214112_2
5543,2214114_6
5567,2214121_6
5556,2214121_6
5564,2214124_3
5552,2214121_6
5548,2214119_6
5550,2214121_6
5547,2214116_5
5554,2214121_6
5553,2214117_3
5568,2214120_6
5766,2214121_6
5565,2214124_3
5583,2214129_2
5812,2214129_2
5594,2214135_4
5586,2214134_6
5598,2214134_6
5595,2214133_5
5597,2214134_6
5592,2214134_6
5590,2214135_4
5794,2214131_6
5600,2214138_3
5617,2214140_3
5625,2214143_3
5613,2214141_3
5615,2214141_3
5629,2214141_3
5614,2214143_3
5635,2214142_3
5620,2214143_3
5663,2214154_5
5667,2214157_7
5678,2214158_4
5672,2214158_4
5679,2214158_4
5694,2214157_7
5687,2214157_7
5674,2214157_7
5684,2214157_7
5668,2214158_4
5742,2214181_4
5733,2214176_3
5749,2214182_4
5746,2214182_4
5747,2214181_4
5753,2214184_3
5760,2214184_3
5761,2214184_3
5787,2214192_3
5788,2214192_3
5795,2214193_3
5801,2214195_3
5802,2214195_3
5845,2214195_3
5862,2214215_3
5865,2214213_3
5837,2214205_5
5866,2214212_5
5873,2214212_5
5870,2214214_3
5846,2214208_2
5856,2214208_2
5853,2214209_5
5869,2214215_3
5879,2214215_3
5877,2214213_3
5923,2214236_4
5911,2214227_4
5908,2214231_3
5909,2214233_3
5919,2214235_3
5914,2214227_4
5941,2214240_3
5925,2214237_4
5929,2214237_4
5940,2214240_3
5949,2214240_3
6002,2214258_4
5992,2214255_5
5998,2214258_4
6206,2214257_5
6003,2214258_4
6005,2214257_5
6009,2214258_4
6008,2214257_5
6048,2214275_6
6049,2214273_8
6060,2214276_6
6051,2214276_6
6239,2214283_5
6062,2214283_5
6050,2214277_5
6059,2214283_5
6065,2214283_5
6053,2214277_5
6061,2214277_5
6075,2214294_4
6077,2214291_5
6066,2214286_3
6071,2214291_5
6078,2214294_4
6080,2214298_4
6079,2214297_5
6099,2214298_4
6083,2214301_3
6073,2214293_3
6085,2214297_5
6314,2214301_3
6084,2214301_3
6088,2214306_3
6105,2214313_3
6100,2214313_3
6103,2214313_3
6109,2214305_3
6093,2214310_4
6330,2214543_3
6311,2214310_4
6327,2214543_3
6121,2214327_6
6152,2214492_11
6141,2214471_9
6147,2214485_11
6162,2214492_11
6143,2214487_8
6146,2214489_4
6129,2214331_8
6165,2214492_11
6163,2214492_11
6170,2214469_11
6149,2214424_13
6155,2214492_11
6156,2214488_8
6132,2214374_13
6142,2214483_9
6168,2214492_11
6177,2214429_12
6169,2214492_11
6145,2214433_12
6138,2214424_13
6144,2214479_10
6148,2214488_8
6175,2214469_11
6159,2214492_11
6154,2214467_11
6140,2214428_12
6136,2214378_8
6178,2214492_11
6153,2214457_13
6158,2214492_11
6176,2214492_11
6151,2214491_9
6181,2214489_4
6194,2214481_10
6161,2214464_9
6174,2214488_8
6171,2214455_11
6187,2214493_2
6406,2214493_2
6212,2214503_5
6200,2214496_3
6219,2214505_6
6210,2214501_5
6203,2214497_3
6224,2214502_5
6217,2214505_6
6227,2214505_6
6226,2214505_6
6229,2214505_6
6228,2214505_6
6263,2214525_3
6261,2214524_3
6271,2214524_3
6279,2214534_3
6284,2214534_3
6264,2214526_2
6266,2214526_2
6268,2214528_3
6277,2214528_3
6273,2214528_3
6564,2214534_3
6296,2214539_3
6533,2214599_5
6537,2214603_5
6319,2214543_3
6528,2214553_3
6334,2214552_2
6345,2214552_2
6335,2214553_3
6340,2214553_3
6392,2214570_4
6393,2214571_4
6412,2214578_4
6409,2214578_4
6400,2214577_5
6398,2214574_5
6394,2214573_4
6410,2214577_5
6407,2214578_4
6401,2214578_4
6404,2214577_5
6427,2214581_3
6442,2214586_4
6438,2214584_4
6436,2214583_3
6443,2214585_4
6440,2214585_4
6456,2214586_4
6480,2214591_4
6475,2214591_4
6473,2214591_4
6474,2214590_4
6477,2214591_4
6540,2214610_3
6551,2214612_3
6544,2214606_7
6550,2214609_6
6548,2214609_6
6538,2214609_6
6534,2214601_3
6543,2214608_6
6545,2214606_7
6554,2214609_6
6552,2214608_6
6577,2214619_7
6549,2214611_3
6591,2214622_4
6593,2214622_4
6588,2214619_7
6573,2214620_3
6585,2214622_4
6590,2214620_3
6583,2214620_3
6599,2214619_7
6589,2214622_4
6673,2214664_3
6696,2214663_4
6686,2214674_3
6690,2214675_3
6700,2214675_3
6675,2214669_4
6683,2214665_5
6689,2214671_5
6699,2214672_4
6692,2214671_5
6679,2214673_4
6684,2214673_4
6685,2214673_4
6687,2214673_4
6694,2214675_3
6715,2214677_2
6717,2214677_2
6743,2214695_6
6741,2214693_7
6737,2214690_7
6760,2214738_9
6767,2214738_9
6750,2214710_14
6780,2214738_9
6779,2214739_7
6770,2214732_12
6769,2214739_7
6781,2214736_13
6774,2214739_7
6752,2214725_13
6773,2214738_9
6764,2214737_12
6755,2214737_12
6783,2214737_12
6748,2214716_12
6784,2214738_9
6765,2214739_7
6762,2214739_7
6763,2214739_7
6739,2214692_3
6751,2214692_3
6759,2214737_12
6747,2214696_4
6782,2214737_12
6756,2214738_9
6768,2214721_13
6749,2214707_12
6757,2214736_13
6775,2214708_11
6754,2214730_9
6786,2214734_12
6761,2214739_7
6852,2214778_2
6853,2214778_2
6864,2214799_12
6893,2214905_7
6887,2214856_6
6883,2214902_7
6892,2214910_7
6903,2214905_7
6880,2214900_12
6905,2214909_7
6879,2214901_10
6877,2214896_8
6904,2214900_12
6869,2214832_14
6924,2214915_5
6908,2214895_16
6866,2214806_14
6919,2214885_7
6886,2214901_10
6901,2214905_7
6881,2214883_16
6895,2214901_10
6918,2214905_7
6870,2214845_14
6871,2214856_6
6900,2214883_16
6920,2214917_4
6875,2214878_14
6894,2214895_16
6902,2214892_19
6898,2214892_19
6885,2214895_16
6906,2214889_19
6876,2214885_7
6872,2214808_3
6878,2214883_16
6891,2214911_5
6890,2214905_7
6899,2214895_16
6916,2214905_7
6907,2214885_7
6938,2214864_6
6927,2214885_7
6933,2214927_4
6949,2214938_4
6945,2214906_4
6943,2214934_4
6917,2214905_7
6925,2214907_4
6952,2214908_6
6941,2214930_4
6897,2214913_3
6954,2214913_3
6913,2214912_3
6914,2214913_3
6931,2214917_4
6961,2214956_3
6967,2214956_3
6966,2214950_10
6970,2214951_8
6964,2214938_4
6957,2214953_7
6975,2214948_11
6969,2214955_6
6978,2214955_6
6965,2214951_8
6971,2214957_4
6974,2214957_4
6977,2214948_11
6963,2214950_10
6951,2214939_3
6958,2214950_10
6955,2214941_10
6979,2214953_7
6987,2214952_7
6981,2214956_3
6994,2214965_5
7000,2214964_5
7004,2214965_5
6999,2214965_5
7020,2214965_5
6998,2214965_5
7025,2214970_2
7037,2214970_2
7057,2214990_2
7058,2214990_2
7113,2215000_3
7118,2215000_3
7114,2215000_3
7135,2215007_2
7140,2215007_2
7139,2215009_2
7153,2215009_2
7157,2215016_11
7176,2215043_9
7179,2215043_9
7178,2215043_9
7169,2215042_11
7187,2215048_5
7175,2215043_9
7165,2215036_11
7172,2215023_5
7168,2215040_5
7174,2215042_11
7191,2215048_5
7159,2215020_8
7199,2215048_5
7183,2215048_5
7160,2215025_9
7170,2215043_9
7162,2215031_11
7200,2215043_9
7186,2215048_5
7204,2215043_9
7184,2215033_12
7195,2215034_10
7185,2215040_5
7214,2215058_4
7211,2215058_4
7213,2215058_4
7215,2215058_4
7227,2215062_2
7229,2215062_2
7266,2215071_2
7270,2215071_2
7289,2215085_3
7285,2215084_3
7299,2215088_4
7306,2215091_4
7293,2215086_3
7298,2215087_5
7303,2215090_4
7304,2215091_4
7313,2215092_3
7307,2215092_3
7315,2215092_3
7429,2215108_3
7443,2215108_3
7446,2215108_3
7435,2215107_3
7448,2215119_2
7472,2215119_2
7509,2215133_3
7492,2215125_3
7511,2215133_3
7510,2215125_3
7496,2215124_3
7507,2215130_4
7515,2215131_3
7527,2215140_4
7514,2215132_3
7520,2215135_8
7547,2215168_8
7541,2215170_7
7549,2215171_4
7556,2215171_4
7557,2215170_7
7542,2215166_9
7565,2215169_7
7523,2215137_6
7551,2215170_7
7550,2215170_7
7534,2215148_10
7532,2215144_9
7568,2215144_9
7553,2215168_8
7569,2215143_9
7545,2215171_4
7548,2215170_7
7536,2215162_9
7543,2215164_12
7535,2215153_12
7539,2215164_12
7546,2215167_6
7552,2215167_6
7540,2215166_9
7591,2215168_8
7566,2215170_7
7558,2215171_4
7666,2215188_2
7685,2215188_2
7829,2215224_2
7834,2215224_2
7916,2215238_3
7917,2215238_3
7925,2215238_3
7932,2215239_2
7941,2215239_2
8029,2215248_5
8015,2215249_4
8018,2215246_5
8045,2215249_4
8025,2215248_5
8024,2215245_5
8028,2215247_5
8020,2215249_4
8017,2215249_4
8071,2215257_3
8077,2215257_3
8074,2215257_3
8168,2215283_2
8188,2215283_2
8193,2215285_2
8213,2215285_2
8302,2215311_3
8312,2215311_3
8306,2215311_3
8376,2215335_6
8462,2215331_5
8656,2215442_4
8655,2215433_4
8670,2215334_5
8665,2215335_6
8425,2215348_3
8698,2215335_6
8401,2215335_6
8564,2215334_5
8657,2215442_4
8695,2215450_3
8398,2215348_3
8712,2215451_3
8641,2215442_4
8619,2215430_6
8407,2215353_3
8651,2215439_3
8652,2215353_3
8649,2215440_3
8577,2215411_6
8696,2215424_3
8435,2215368_2
8444,2215368_2
8530,2215393_2
8536,2215393_2
8629,2215434_3
8646,2215435_4
8636,2215432_6
8634,2215433_4
8630,2215435_4
8587,2215413_3
8601,2215417_3
8604,2215417_3
8598,2215414_3
8668,2215440_3
8608,2215424_3
8936,2215429_5
8624,2215433_4
8632,2215440_3
8640,2215439_3
8643,2215442_4
8680,2215447_3
8907,2215447_3
8969,2215446_3
8864,2215505_3
8681,2215448_2
8694,2215448_2
8737,2215460_3
8723,2215460_3
8774,2215478_3
8716,2215457_3
8760,2215461_11
8740,2215461_11
8754,2215461_11
8752,2215461_11
8729,2215461_11
8758,2215468_3
8769,2215455_8
8756,2215468_3
8725,2215460_3
8749,2215461_11
8750,2215461_11
8753,2215461_11
8748,2215461_11
8745,2215464_3
8778,2215478_3
8773,2215478_3
8755,2215468_3
8825,2215487_4
8768,2215473_4
8787,2215473_4
8780,2215482_3
8777,2215472_4
8795,2215482_3
8784,2215477_3
8808,2215484_3
8790,2215482_3
8785,2215484_3
8976,2215484_3
8789,2215485_3
8862,2215499_3
8861,2215499_3
8812,2215486_4
8816,2215488_3
8818,2215487_4
8817,2215488_3
8820,2215488_3
8858,2215499_3
8846,2215496_2
8850,2215496_2
8950,2215508_3
8863,2215504_3
8874,2215508_3
8873,2215503_3
8965,2215505_3
9003,2215505_3
8920,2215531_3
8870,2215508_3
8997,2215520_3
8885,2215520_3
8893,2215520_3
8918,2215531_3
8914,2215530_3
8899,2215527_4
8925,2215529_4
8926,2215529_4
9090,2215529_4
8900,2215529_4
8930,2215530_3
8946,2215530_3
8929,2215531_3
8928,2215534_4
8978,2215580_5
8945,2215580_5
8992,2215580_5
8939,2215574_4
8948,2215580_5
8944,2215577_3
9127,2215577_3
9098,2215575_3
9092,2215576_3
9148,2215577_3
8979,2215580_5
8952,2215578_3
8962,2215579_5
8960,2215583_2
8975,2215583_2
8973,2215584_3
9017,2215599_3
9023,2215599_3
8994,2215586_3
9029,2215601_3
9028,2215601_3
9078,2215610_3
9004,2215590_3
9021,2215601_3
9006,2215593_3
9005,2215591_2
9008,2215591_2
9011,2215597_5
9089,2215597_5
9016,2215599_3
9047,2215604_3
9070,2215608_3
9084,2215610_3
9051,2215605_2
9105,2215605_2
9069,2215607_2
9080,2215607_2
9088,2215610_3
9107,2215619_3
9130,2215619_3
9134,2215625_3
9113,2215625_3
9166,2215637_3
9129,2215624_4
9135,2215629_3
9120,2215626_3
9115,2215628_3
9124,2215629_3
9145,2215629_3
9159,2215637_3
9249,2215637_3
9205,2215648_3
9211,2215651_3
9246,2215648_3
9223,2215658_3
9222,2215658_3
9217,2215654_3
9403,2215725_3
9407,2215726_3
9218,2215655_3
9247,2215670_3
9248,2215670_3
9221,2215656_5
9254,2215668_3
9233,2215662_4
9252,2215656_5
9255,2215670_3
9271,2215658_3
9224,2215659_2
9393,2215659_2
9237,2215665_3
9285,2215664_3
9293,2215665_3
9294,2215665_3
9243,2215668_3
9270,2215677_6
9345,2215704_6
9335,2215703_8
9348,2215704_6
9354,2215702_7
9379,2215704_6
9344,2215703_8
9343,2215704_6
9357,2215709_3
9282,2215679_2
9289,2215679_2
9288,2215682_2
9305,2215682_2
9317,2215692_6
9376,2215712_3
9349,2215703_8
9327,2215698_4
9318,2215694_3
9365,2215710_3
9331,2215700_7
9342,2215701_5
9384,2215722_3
9358,2215701_5
9378,2215717_4
9361,2215701_5
9381,2215716_4
9340,2215700_7
9332,2215701_5
9334,2215704_6
9351,2215706_4
9494,2215750_6
9512,2215706_4
9490,2215749_6
9356,2215709_3
9366,2215712_3
9377,2215710_3
9374,2215712_3
9370,2215713_5
9371,2215713_5
9399,2215721_3
9390,2215720_3
9383,2215713_5
9463,2215743_3
9385,2215722_3
9382,2215721_3
9415,2215726_3
9591,2215721_3
9408,2215722_3
9389,2215724_4
9388,2215724_4
9395,2215724_4
9396,2215724_4
9391,2215726_3
9412,2215730_5
9426,2215731_3
9438,2215729_5
9436,2215730_5
9433,2215728_5
9615,2215730_5
9429,2215731_3
9416,2215731_3
9593,2215779_5
9425,2215733_2
9435,2215733_2
9472,2215741_3
9470,2215743_3
9473,2215746_3
9488,2215752_4
9467,2215744_3
9542,2215770_3
9535,2215770_3
9492,2215757_4
9475,2215746_3
9491,2215757_4
9482,2215750_6
9500,2215750_6
9516,2215750_6
9509,2215750_6
9504,2215750_6
9503,2215757_4
9484,2215753_4
9499,2215757_4
9489,2215755_3
9553,2215774_3
9556,2215774_3
9514,2215756_3
9507,2215759_3
9543,2215759_3
9534,2215758_3
9525,2215759_3
9526,2215767_3
9537,2215767_3
9527,2215767_3
9573,2215777_5
9568,2215778_5
9561,2215770_3
9549,2215774_3
9551,2215775_2
9722,2215775_2
9557,2215778_5
9563,2215778_5
9583,2215778_5
9574,2215778_5
9599,2215779_5
9595,2215779_5
9598,2215779_5
9594,2215779_5
9604,2215782_2
9605,2215782_2
9625,2215788_2
9645,2215788_2
9640,2215790_2
9658,2215790_2
9666,2215796_2
9667,2215796_2
9681,2215799_3
9690,2215799_3
9746,2215799_3
9712,2215809_2
9735,2215809_2
9751,2215811_4
9755,2215811_4
9758,2215811_4
9756,2215811_4
9767,2215818_5
9763,2215815_2
9997,2215815_2
9780,2215818_5
9781,2215818_5
9814,2215817_4
9776,2215818_5
9779,2215818_5
9777,2215817_4
9772,2215819_3
9791,2215823_3
9787,2215823_3
9784,2215820_3
9796,2215822_3
9789,2215823_3
9842,2215832_2
9843,2215832_2
9845,2215907_10
9863,2215964_23
9854,2215913_7
9883,2215982_13
9893,2215983_13
9918,2215978_12
9915,2215978_12
9861,2215933_3
9896,2215983_13
9907,2215983_13
9921,2215978_12
9903,2215905_16
9888,2215983_13
9860,2215915_13
9881,2215963_23
9902,2215978_12
9923,2215952_25
9873,2215977_8
9920,2215987_3
9926,2215964_23
9914,2215950_25
9922,2215961_23
9916,2215983_13
9895,2215983_13
9875,2215978_12
9900,2215978_12
9894,2215932_13
9913,2215981_13
9867,2215965_20
9908,2215965_20
9887,2215964_23
9910,2215906_15
9905,2215965_20
9911,2215983_13
9897,2215983_13
9912,2215965_20
9884,2215984_4
9904,2215965_20
9892,2215856_25
9931,2215916_13
9879,2215965_20
9877,2215979_13
9925,2215964_23
9899,2215983_13
9917,2215983_13
9906,2215983_13
9886,2215984_4
9927,2215933_3
9874,2215967_3
9972,2215983_13
9882,2215980_3
9919,2215987_3
9885,2215985_2
9889,2215985_2
9940,2215987_3
9941,2215990_3
10109,2216043_3
10131,2216046_3
10119,2216046_3
9943,2215993_3
9954,2215995_3
9955,2215999_3
9959,2215999_3
9950,2215997_3
9958,2215998_3
9961,2215999_3
9969,2216000_2
9971,2216000_2
10118,2216044_4
10000,2216005_3
10026,2216016_3
10033,2216020_3
10003,2216009_2
10063,2216009_2
10016,2216015_4
10019,2216014_4
10035,2216020_3
10022,2216014_4
10025,2216012_6
10018,2216015_4
10020,2216012_6
10029,2216015_4
10017,2216015_4
10046,2216020_3
10031,2216017_2
10052,2216017_2
10032,2216019_4
10037,2216018_6
10041,2216018_6
10040,2216018_6
10038,2216019_4
10050,2216019_4
10056,2216023_3
10065,2216023_3
10064,2216023_3
10071,2216028_5
10307,2216025_3
10315,2216028_5
10312,2216027_4
10310,2216028_5
10314,2216026_3
10309,2216028_5
10308,2216028_5
10072,2216030_3
10088,2216030_3
10091,2216029_3
10086,2216030_3
10090,2216038_5
10269,2216092_5
10293,2216091_4
10261,2216086_6
10265,2216088_3
10267,2216094_3
10279,2216096_3
10278,2216093_4
10272,2216092_5
10112,2216046_3
10126,2216045_3
10111,2216045_3
10127,2216044_4
10141,2216047_2
10151,2216047_2
10153,2216049_3
10167,2216049_3
10164,2216048_3
10156,2216049_3
10169,2216054_3
10383,2216054_3
10387,2216054_3
10369,2216114_3
10183,2216055_2
10185,2216055_2
10201,2216056_2
10361,2216056_2
10204,2216057_2
10210,2216057_2
10214,2216059_2
10218,2216059_2
10226,2216063_3
10246,2216076_3
10258,2216083_4
10241,2216063_3
10227,2216065_5
10233,2216070_4
10236,2216072_4
10240,2216065_5
10242,2216076_3
10230,2216072_4
10244,2216069_4
10228,2216067_4
10235,2216073_3
10381,2216076_3
10254,2216072_4
10270,2216073_3
10253,2216080_3
10283,2216096_3
10263,2216089_3
10275,2216093_4
10276,2216096_3
10291,2216099_2
10320,2216099_2
10325,2216106_4
10330,2216106_4
10329,2216106_4
10332,2216106_4
10345,2216108_4
10358,2216110_5
10364,2216111_5
10362,2216111_5
10353,2216109_5
10363,2216111_5
10371,2216114_3
10374,2216114_3
10407,2216124_2
10408,2216124_2
10418,2216126_2
10435,2216126_2
10423,2216127_3
10652,2216127_3
10647,2216127_3
10429,2216128_2
10444,2216128_2
10478,2216146_8
10489,2216146_8
10496,2216145_7
10490,2216147_3
10495,2216146_8
10498,2216146_8
10501,2216145_7
10484,2216146_8
10497,2216146_8
10483,2216144_10
10492,2216146_8
10500,2216149_3
10508,2216147_3
10505,2216147_3
10516,2216152_3
10514,2216149_3
10523,2216152_3
10518,2216152_3
10520,2216151_3
10537,2216156_2
10549,2216156_2
10554,2216157_2
10562,2216157_2
10565,2216158_4
10569,2216159_4
10678,2216159_4
10576,2216159_4
10571,2216159_4
10594,2216163_4
10607,2216171_5
10595,2216167_4
10604,2216171_5
10597,2216168_3
10605,2216171_5
10601,2216171_5
10606,2216171_5
10598,2216167_4
10619,2216170_5
10637,2216177_3
10642,2216176_3
10645,2216177_3
10640,2216177_3
10657,2216179_2
10662,2216179_2
10663,2216180_2
10680,2216180_2
10684,2216186_2
10685,2216186_2
10686,2216187_3
10913,2216258_3
10915,2216187_3
10695,2216192_4
10708,2216192_4
10714,2216199_4
10713,2216188_4
10710,2216192_4
10712,2216189_4
10699,2216192_4
10715,2216199_4
10722,2216199_4
10724,2216206_4
10729,2216207_3
10735,2216207_3
10734,2216206_4
10731,2216206_4
10736,2216206_4
10728,2216207_3
10774,2216214_6
10757,2216210_9
10760,2216209_7
10776,2216214_6
10773,2216214_6
10778,2216214_6
10772,2216210_9
10779,2216214_6
10769,2216213_3
10777,2216215_3
10775,2216214_6
10767,2216212_4
10783,2216215_3
10788,2216215_3
10793,2216219_4
10794,2216218_4
10806,2216222_4
10803,2216222_4
10797,2216222_4
10808,2216221_4
10810,2216226_4
10813,2216230_3
10812,2216230_3
10814,2216228_3
10811,2216228_3
10829,2216228_3
10819,2216230_3
10824,2216234_3
10822,2216233_3
11099,2216274_3
10964,2216274_3
10827,2216234_3
10835,2216236_3
10833,2216236_3
10838,2216236_3
10836,2216237_2
10875,2216237_2
10857,2216240_2
10859,2216240_2
10868,2216246_4
11018,2216280_4
11013,2216245_4
11003,2216277_3
11019,2216246_4
11171,2216276_5
11017,2216280_4
11016,2216280_4
10880,2216250_3
10881,2216250_3
10877,2216250_3
10887,2216253_3
10889,2216253_3
10891,2216253_3
10903,2216258_3
10914,2216258_3
10916,2216264_4
10924,2216270_4
10922,2216268_4
10929,2216270_4
10927,2216270_4
10933,2216270_4
10954,2216273_3
10967,2216273_3
10965,2216273_3
11110,2216274_3
10978,2216275_2
10981,2216275_2
11011,2216277_3
11010,2216280_4
11037,2216282_3
11041,2216282_3
11040,2216282_3
11046,2216284_5
11048,2216286_4
11051,2216285_5
11052,2216286_4
11053,2216286_4
11062,2216286_4
11058,2216285_5
11050,2216287_2
11071,2216287_2
11085,2216293_2
11089,2216293_2
11091,2216295_3
11096,2216295_3
11098,2216295_3
11101,2216300_3
11108,2216300_3
11106,2216300_3
11114,2216308_3
11123,2216311_3
11116,2216308_3
11122,2216309_3
11132,2216313_4
11127,2216312_4
11124,2216312_4
11133,2216314_4
11136,2216314_4
11141,2216314_4
11135,2216314_4
11168,2216317_3
11161,2216318_3
11169,2216323_3
11306,2216323_3
11162,2216321_3
11167,2216323_3
11176,2216324_4
11193,2216331_5
11189,2216331_5
11180,2216329_4
11187,2216331_5
11190,2216331_5
11184,2216330_5
11198,2216331_5
11191,2216333_3
11204,2216334_3
11202,2216334_3
11205,2216334_3
11218,2216335_2
11221,2216335_2
11225,2216336_2
11393,2216336_2
11239,2216340_3
11253,2216342_4
11246,2216340_3
11245,2216342_4
11242,2216339_3
11244,2216341_4
11251,2216342_4
11257,2216342_4
11299,2216351_3
11301,2216353_3
11303,2216353_3
11300,2216352_3
11313,2216353_3
11309,2216354_2
11310,2216354_2
11335,2216372_15
11327,2216370_26
11362,2216379_28
11382,2216378_31
11381,2216378_31
11388,2216379_28
11342,2216379_28
11371,2216379_28
11366,2216379_28
11359,2216379_28
11347,2216379_28
11358,2216379_28
11364,2216379_28
11385,2216378_31
11372,2216379_28
11389,2216379_28
11354,2216379_28
11386,2216379_28
11363,2216379_28
11349,2216379_28
11370,2216379_28
11365,2216379_28
11348,2216379_28
11377,2216378_31
11374,2216379_28
11387,2216370_26
11376,2216379_28
11351,2216377_31
11378,2216375_29
11340,2216379_28
11346,2216377_31
11357,2216379_28
11367,2216379_28
11356,2216379_28
11384,2216379_28
11373,2216379_28
11369,2216379_28
11343,2216379_28
11355,2216377_31
11353,2216382_4
11383,2216382_4
11375,2216382_4
11360,2216382_4
11400,2216385_3
11409,2216393_3
11411,2216393_3
11413,2216394_3
11407,2216392_3
11420,2216393_3
11418,2216394_3
11416,2216394_3
11433,2216396_2
11434,2216396_2
11462,2216399_3
11465,2216400_4
11466,2216401_3
11475,2216403_3
11470,2216403_3
11478,2216401_3
11473,2216403_3
11477,2216404_2
11479,2216404_2
11500,2216407_2
11502,2216407_2
11526,2216409_3
11538,2216409_3
11537,2216409_3
11547,2217228_22
11641,2217864_16
11593,2218766_19
11615,2219013_17
11588,2218992_22
11619,2219013_17
11613,2218995_4
11598,2218992_22
11605,2219013_17
11625,2219011_17
11627,2218991_22
11572,2218018_20
11630,2219012_18
11624,2219012_18
11616,2219005_17
11607,2219014_3
11643,2219013_17
11602,2219013_17
11610,2219013_17
11636,2219013_17
11589,2218992_22
11628,2218216_18
11581,2218766_19
11587,2218766_19
11604,2218992_22
11586,2218862_17
11597,2218992_22
11620,2218992_22
11629,2219013_17
11611,2219013_17
11578,2218448_22
11603,2219013_17
11623,2219013_17
11595,2219014_3
11614,2219013_17
11606,2219013_17
11634,2219013_17
11560,2217571_20
11594,2219013_17
11618,2219009_17
11553,2217229_2
11565,2217229_2
11554,2217230_3
11555,2217230_3
11570,2217230_3
11590,2218995_4
11556,2217243_11
11567,2217771_18
11626,2218992_22
11617,2218994_4
11559,2217427_19
11577,2218148_22
11596,2218992_22
11752,2217870_4
11571,2217869_3
11579,2218449_3
11609,2218216_18
11580,2218469_21
11632,2218470_5
11645,2219013_17
11600,2218864_5
11644,2219014_3
11633,2219016_2
11638,2219016_2
11654,2219018_2
11657,2219018_2
11705,2219024_3
11700,2219024_3
11706,2219024_3
11726,2219030_3
11727,2219031_3
11732,2219031_3
11730,2219031_3
11733,2219032_2
11735,2219032_2
11747,2219033_3
11748,2219035_3
11750,2219035_3
11756,2219034_3
11751,2219035_3
11763,2219037_3
11772,2219039_3
11770,2219039_3
11767,2219039_3
11793,2219041_2
11794,2219041_2
11804,2219043_3
11811,2219043_3
11809,2219043_3
11813,2219045_2
11922,2219045_2
11830,2219047_3
11831,2219048_3
11836,2219048_3
11835,2219048_3
11838,2219051_4
11860,2219066_4
11859,2219066_4
11871,2219066_4
11842,2219052_3
11844,2219053_7
11850,2219060_6
11862,2219067_3
11861,2219063_4
11856,2219064_3
11858,2219065_3
11866,2219063_4
11845,2219054_7
11872,2219067_3
11846,2219055_3
11848,2219056_3
11853,2219061_4
11877,2219069_3
11855,2219062_3
11870,2219066_4
11875,2219062_3
11868,2219064_3
11867,2219063_4
11864,2219067_3
11883,2219069_3
11891,2219069_3
11885,2219073_2
11898,2219073_2
11925,2219075_2
11930,2219075_2
11931,2219076_2
11932,2219076_2
11933,2219079_3
11936,2219078_3
11942,2219082_3
11935,2219079_3
11937,2219079_3
11943,2219082_3
11941,2219082_3
11958,2219091_4
11962,2219091_4
11960,2219090_3
11964,2219091_4
11965,2219091_4
11979,2219097_2
11980,2219097_2
11986,2219100_2
11987,2219100_2
11991,2219101_2
11992,2219101_2
11997,2219103_3
12000,2219103_3
12001,2219103_3
12008,2219104_2
12017,2219104_2
12015,2219105_2
12016,2219105_2
12020,2219106_2
12025,2219106_2
12044,2219112_3
12043,2219110_2
12052,2219110_2
12049,2219112_3
12046,2219112_3
12064,2219118_11
12082,2219132_18
12074,2219131_18
12079,2219132_18
12070,2219132_18
12081,2219132_18
12065,2219120_15
12098,2219132_18
12086,2219132_18
12085,2219135_10
12092,2219132_18
12071,2219135_10
12087,2219135_10
12067,2219118_11
12072,2219135_10
12075,2219135_10
12073,2219135_10
12083,2219135_10
12088,2219134_10
12089,2219132_18
12069,2219124_15
12091,2219135_10
12084,2219135_10
12078,2219132_18
12096,2219129_15
12097,2219130_16
12102,2219135_10
12077,2219133_3
12129,2219143_2
12133,2219143_2
12130,2219144_2
12132,2219144_2
12178,2219156_2
12180,2219156_2
12182,2219158_2
12187,2219158_2
12189,2219160_5
12194,2219160_5
12192,2219160_5
12190,2219160_5
12193,2219160_5
12199,2219161_4
12204,2219161_4
12205,2219161_4
12208,2219161_4
12207,2219164_2
12210,2219164_2
12273,2219183_2
12279,2219183_2
12275,2219184_3
12283,2219184_3
12277,2219184_3
12292,2219187_6
12297,2219187_6
12299,2219187_6
12296,2219187_6
12298,2219187_6
12293,2219187_6
12313,2219190_3
12315,2219190_3
12318,2219190_3
12333,2219193_3
12328,2219194_3
12342,2219194_3
12431,2219194_3
12366,2219200_10
12383,2219199_3
12377,2219200_10
12375,2219200_10
12374,2219200_10
12370,2219200_10
12371,2219200_10
12376,2219200_10
12373,2219200_10
12368,2219200_10
12367,2219200_10
12379,2219202_3
12385,2219202_3
12387,2219202_3
12393,2219205_5
12399,2219206_5
12396,2219206_5
12397,2219206_5
12395,2219206_5
12398,2219206_5
12411,2219208_4
12415,2219211_4
12416,2219210_5
12421,2219211_4
12417,2219211_4
12420,2219210_5
12419,2219211_4
12454,2219218_4
12455,2219218_4
12461,2219218_4
12456,2219218_4
12469,2219219_2
12470,2219219_2
12495,2219223_5
12500,2219223_5
12506,2219222_4
12497,2219223_5
12502,2219223_5
12496,2219223_5
12524,2219225_2
12526,2219225_2
12536,2219227_10
12541,2219227_10
12540,2219227_10
12537,2219226_4
12538,2219227_10
12547,2219227_10
12544,2219227_10
12548,2219227_10
12543,2219227_10
12542,2219227_10
12539,2219227_10
12551,2219228_7
12575,2219235_14
12579,2219235_14
12576,2219235_14
12564,2219235_14
12572,2219235_14
12573,2219235_14
12553,2219229_8
12566,2219235_14
12570,2219235_14
12569,2219235_14
12577,2219235_14
12555,2219230_12
12574,2219233_13
12565,2219235_14
12567,2219235_14
12557,2219233_13
12571,2219235_14
12562,2219233_13
12578,2219235_14
12586,2219237_5
12590,2219237_5
12589,2219237_5
12593,2219237_5
12598,2219240_4
12587,2219238_2
12595,2219238_2
12591,2219241_4
12599,2219241_4
12594,2219241_4
12592,2219241_4
12612,2219242_2
12613,2219242_2
12619,2219245_2
12621,2219245_2
12645,2219246_3
12648,2219246_3
12647,2219246_3
12666,2219248_2
12667,2219248_2
12670,2219250_3
12674,2219252_4
12673,2219253_4
12671,2219251_4
12676,2219252_4
12678,2219254_3
12675,2219253_4
12679,2219254_3
12684,2219254_3
12683,2219255_3
12687,2219255_3
12688,2219255_3
12731,2219265_12
12749,2219265_12
12747,2219269_7
12740,2219270_4
12746,2219265_12
12735,2219265_12
12748,2219264_12
12745,2219265_12
12733,2219265_12
12738,2219269_7
12741,2219269_7
12744,2219270_4
12739,2219270_4
12736,2219267_7
12743,2219269_7
12757,2219268_6
12758,2219270_4
12742,2219271_11
12756,2219271_11
12760,2219274_3
12752,2219272_6
12759,2219274_3
12751,2219273_3
12762,2219272_6
12750,2219272_6
12753,2219272_6
12761,2219273_3
12755,2219272_6
12754,2219272_6
12763,2219273_3
12765,2219274_3
12779,2219275_4
12783,2219278_3
12782,2219277_4
12785,2219278_3
12788,2219277_4
12784,2219278_3
12789,2219279_2
12790,2219279_2
12795,2219281_3
12800,2219281_3
12796,2219281_3
12813,2219285_3
12816,2219285_3
12819,2219285_3
12825,2219290_3
12828,2219290_3
12829,2219290_3
12834,2219292_4
12838,2219293_3
12837,2219292_4
12835,2219292_4
12836,2219293_3
12844,2219293_3
12846,2219299_3
12850,2219300_5
12848,2219300_5
12854,2219300_5
12852,2219300_5
12855,2219300_5
12859,2219301_8
12866,2219303_3
12869,2219302_9
12868,2219302_9
12864,2219302_9
12861,2219302_9
12867,2219302_9
12860,2219302_9
12863,2219303_3
12862,2219302_9
12871,2219303_3
12903,2219308_11
12911,2219308_11
12904,2219309_4
12914,2219308_11
12916,2219308_11
12915,2219308_11
12919,2219308_11
12905,2219308_11
12920,2219305_12
12908,2219307_12
12910,2219308_11
12909,2219307_12
12913,2219309_4
12912,2219309_4
12906,2219306_12
12923,2219309_4
12929,2219312_2
12930,2219312_2
12934,2219313_2
12935,2219313_2
12938,2219314_4
12941,2219314_4
12942,2219314_4
12943,2219314_4
12947,2219315_2
12948,2219315_2
12954,2219318_8
12964,2219320_8
12966,2219319_8
12956,2219320_8
12955,2219320_8
12959,2219320_8
12957,2219320_8
12963,2219320_8
12960,2219320_8
12961,2219320_8
12969,2219322_3
12975,2219322_3
12974,2219322_3
12982,2219325_2
12985,2219325_2
12988,2219326_5
12990,2219327_7
12992,2219327_7
12994,2219327_7
12993,2219327_7
12991,2219327_7
12995,2219327_7
12997,2219327_7
13000,2219332_14
13045,2219332_14
13044,2219332_14
13047,2219332_14
13051,2219332_14
13049,2219329_13
13043,2219332_14
13042,2219332_14
13038,2219332_14
13048,2219332_14
13039,2219331_15
13052,2219332_14
13041,2219332_14
13046,2219332_14
13035,2219332_14
13036,2219332_14
13050,2219330_13
13040,2219331_15
13001,2219333_5
13007,2219334_3
13005,2219333_5
13004,2219333_5
13008,2219334_3
13002,2219334_3
13014,2219335_2
13034,2219335_2
13026,2219338_3
13029,2219338_3
13028,2219338_3
13056,2219344_3
13057,2219344_3
13075,2219344_3
13060,2219348_6
13086,2219346_8
13089,2219346_8
13083,2219348_6
13061,2219348_6
13084,2219348_6
13079,2219347_7
13090,2219347_7
13088,2219348_6
13082,2219348_6
13080,2219345_8
13063,2219349_2
13064,2219349_2
13068,2219350_2
13069,2219350_2
13094,2219356_2
13095,2219356_2
13098,2219357_2
13102,2219357_2
13103,2219358_5
13107,2219360_6
13110,2219360_6
13108,2219360_6
13113,2219360_6
13111,2219360_6
13112,2219360_6
13126,2219364_2
13132,2219364_2
13127,2219365_2
13128,2219365_2
13136,2219367_12
13145,2219367_12
13137,2219367_12
13140,2219367_12
13148,2219367_12
13143,2219367_12
13142,2219367_12
13147,2219367_12
13138,2219367_12
13139,2219367_12
13144,2219366_12
13141,2219367_12
13146,2219367_12
13154,2219369_2
13155,2219369_2
13157,2219371_3
13160,2219370_3
13158,2219371_3
13162,2219371_3
13167,2219372_7
13174,2219372_7
13169,2219372_7
13168,2219372_7
13172,2219374_3
13206,2219374_3
13170,2219372_7
13178,2219374_3
13181,2219376_3
13187,2219379_3
13186,2219379_3
13189,2219380_4
13188,2219378_3
13195,2219381_6
13193,2219381_6
13194,2219381_6
13192,2219382_4
13202,2219382_4
13197,2219382_4
13196,2219382_4
13213,2219385_3
13214,2219385_3
13215,2219385_3
13221,2219386_2
13222,2219386_2
13229,2219388_10
13231,2219388_10
13232,2219387_13
13238,2219388_10
13236,2219388_10
13237,2219388_10
13233,2219387_13
13242,2219388_10
13239,2219388_10
13241,2219388_10
13234,2219388_10
13235,2219387_13
13230,2219388_10
13240,2219387_13
13249,2219391_2
13250,2219391_2
13262,2219394_7
13257,2219394_7
13258,2219394_7
13260,2219394_7
13259,2219394_7
13263,2219394_7
13265,2219394_7
13273,2219397_5
13274,2219396_5
13278,2219399_7
13275,2219399_7
13277,2219399_7
13276,2219399_7
13279,2219399_7
13280,2219398_10
13285,2219400_6
13283,2219400_6
13281,2219400_6
13282,2219400_6
13284,2219400_6
13287,2219400_6
13299,2219401_3
13301,2219401_3
13302,2219401_3
13314,2219402_11
13324,2219405_14
13325,2219405_14
13323,2219405_14
13329,2219405_14
13320,2219405_14
13336,2219405_14
13331,2219405_14
13321,2219405_14
13322,2219405_14
13326,2219405_14
13316,2219405_14
13318,2219405_14
13319,2219404_15
13334,2219405_14
13330,2219403_14
13335,2219405_14
13328,2219404_15
13343,2219407_5
13349,2219406_8
13347,2219409_3
13345,2219408_3
13346,2219406_8
13359,2219413_3
13350,2219410_3
13344,2219406_8
13348,2219407_5
13361,2219413_3
13355,2219413_3
13351,2219412_7
13356,2219411_7
13357,2219412_7
13352,2219412_7
13354,2219412_7
13360,2219412_7
13353,2219412_7
13358,2219412_7
13362,2219414_2
13363,2219414_2
13366,2219415_2
13370,2219415_2
13373,2219418_6
13381,2219427_6
13374,2219419_8
13380,2219421_6
13375,2219418_6
13382,2219422_7
13376,2219421_6
13386,2219424_5
13377,2219423_6
13384,2219427_6
13383,2219427_6
13388,2219429_4
13394,2219431_10
13385,2219426_5
13391,2219431_10
13397,2219431_10
13387,2219428_8
13403,2219431_10
13400,2219431_10
13401,2219431_10
13402,2219431_10
13399,2219431_10
13393,2219431_10
13404,2219431_10
13405,2219430_4
13416,2219433_3
13429,2219434_4
13418,2219434_4
13426,2219434_4
13428,2219434_4
13435,2219435_2
13438,2219435_2
13439,2219436_3
13440,2219436_3
13441,2219436_3
13443,2219437_8
13461,2219437_8
13466,2219444_5
13449,2219437_8
13462,2219437_8
13464,2219437_8
13460,2219442_3
13465,2219443_6
13444,2219440_11
13454,2219440_11
13463,2219440_11
13448,2219438_9
13455,2219440_11
13450,2219440_11
13447,2219441_6
13451,2219440_11
13453,2219441_6
13459,2219439_11
13456,2219441_6
13446,2219441_6
13452,2219441_6
13467,2219441_6
13471,2219448_5
13474,2219448_5
13477,2219447_5
13476,2219446_7
13468,2219448_5
13470,2219448_5
13472,2219446_7
13473,2219448_5
13478,2219446_7
13481,2219452_2
13482,2219452_2
13484,2219453_2
13486,2219453_2
13494,2219456_6
13507,2219476_6
13497,2219470_4
13504,2219476_6
13500,2219472_5
13499,2219477_8
13496,2219462_4
13508,2219480_9
13501,2219470_4
13510,2219480_9
13517,2219479_6
13505,2219478_9
13509,2219480_9
13503,2219470_4
13498,2219463_5
13518,2219477_8
13516,2219480_9
13513,2219480_9
13515,2219480_9
13511,2219480_9
13514,2219480_9
13512,2219480_9
13527,2219481_2
13529,2219481_2
13537,2219484_3
13547,2219484_3
13546,2219484_3
13539,2219485_5
13541,2219485_5
13543,2219485_5
13542,2219485_5
13540,2219485_5
13552,2219486_9
13556,2219487_10
13560,2219487_10
13559,2219487_10
13555,2219487_10
13562,2219487_10
13557,2219487_10
13561,2219487_10
13558,2219487_10
13553,2219487_10
13563,2219487_10
13568,2219489_7
13578,2219492_4
13572,2219491_6
13575,2219490_7
13574,2219491_6
13571,2219492_4
13570,2219492_4
13569,2219491_6
13573,2219491_6
13580,2219492_4
13582,2219495_10
13596,2219494_12
13602,2219495_10
13588,2219495_10
13595,2219495_10
13584,2219495_10
13585,2219494_12
13583,2219495_10
13589,2219495_10
13586,2219495_10
13592,2219493_11
13587,2219495_10
13594,2219495_10
13593,2219494_12
13598,2219496_2
13600,2219496_2
13606,2219499_7
13611,2219499_7
13610,2219501_4
13607,2219501_4
13617,2219499_7
13609,2219499_7
13614,2219501_4
13616,2219501_4
13620,2219502_2
13621,2219502_2
13627,2219503_2
13629,2219503_2
13634,2219505_3
13632,2219505_3
13633,2219505_3
13638,2219506_8
13643,2219506_8
13640,2219506_8
13642,2219506_8
13647,2219506_8
13644,2219506_8
13639,2219506_8
13641,2219506_8
13659,2219507_2
13660,2219507_2
13665,2219508_2
13666,2219508_2
13675,2219509_6
13682,2219509_6
13679,2219509_6
13680,2219509_6
13681,2219509_6
13676,2219509_6
13689,2219510_6
13695,2219512_9
13693,2219512_9
13690,2219511_9
13691,2219512_9
13692,2219512_9
13696,2219512_9
13694,2219512_9
13701,2219512_9
13700,2219512_9
13698,2219512_9
13704,2219513_2
13708,2219513_2
13716,2219514_3
13720,2219515_4
13725,2219515_4
13717,2219515_4
13727,2219515_4
13726,2219518_7
13741,2219518_7
13735,2219518_7
13736,2219518_7
13731,2219518_7
13730,2219518_7
13734,2219518_7
13756,2219523_2
13769,2219523_2
13758,2219524_3
13759,2219525_8
13766,2219525_8
13764,2219526_3
13767,2219525_8
13768,2219525_8
13765,2219526_3
13762,2219525_8
13763,2219525_8
13771,2219526_3
13775,2219527_3
13800,2219534_3
13809,2219534_3
13780,2219529_2
13781,2219529_2
13784,2219530_5
13786,2219530_5
13788,2219531_3
13792,2219531_3
13789,2219530_5
13794,2219531_3
13803,2219534_3
13802,2219536_3
13807,2219536_3
13804,2219536_3
13817,2219542_5
13812,2219539_3
13901,2219571_4
13906,2219572_4
13911,2219539_3
13903,2219572_4
13905,2219572_4
13813,2219540_3
13826,2219542_5
13816,2219541_2
13827,2219541_2
13821,2219542_5
13818,2219542_5
13820,2219542_5
13829,2219549_9
13830,2219549_9
13837,2219545_6
13839,2219550_6
13838,2219551_3
13833,2219548_9
13843,2219550_6
13898,2219551_3
13832,2219549_9
13831,2219549_9
13835,2219550_6
13834,2219549_9
13842,2219550_6
13840,2219551_3
13853,2219553_6
13856,2219553_6
13858,2219553_6
13857,2219553_6
13854,2219553_6
13855,2219553_6
13865,2219555_5
13867,2219562_7
13866,2219559_6
13869,2219562_7
13868,2219563_6
13870,2219565_6
13871,2219565_6
13877,2219565_6
13874,2219565_6
13875,2219564_6
13876,2219565_6
13873,2219565_6
13880,2219567_4
13886,2219567_4
13885,2219567_4
13887,2219567_4
13904,2219570_5
13910,2219571_4
13908,2219572_4
13916,2219573_6
13918,2219573_6
13920,2219573_6
13921,2219573_6
13917,2219573_6
13919,2219573_6
13932,2219577_3
13933,2219579_4
13938,2219578_4
13935,2219579_4
13936,2219580_3
13934,2219580_3
13939,2219580_3
13946,2219583_3
13948,2219583_3
13947,2219583_3
13949,2219584_5
13951,2219584_5
13953,2219584_5
13952,2219584_5
13950,2219584_5
13969,2219591_4
13962,2219588_6
13972,2219588_6
13968,2219590_5
13965,2219591_4
13970,2219591_4
13971,2219590_5
13966,2219591_4
13991,2219595_3
13987,2219595_3
13988,2219595_3
13989,2219597_5
13993,2219597_5
13995,2219597_5
13992,2219596_4
14084,2219597_5
13994,2219597_5
14001,2219601_9
14004,2219608_10
14006,2219609_10
14015,2219610_11
14009,2219610_11
14020,2219610_11
14019,2219610_11
14008,2219610_11
14013,2219610_11
14017,2219610_11
14010,2219610_11
14014,2219610_11
14002,2219606_11
14011,2219610_11
14016,2219610_11
14007,2219606_11
14021,2219611_3
14023,2219612_3
14025,2219612_3
14037,2219612_3
14029,2219615_4
14044,2219615_4
14041,2219614_4
14031,2219615_4
14030,2219615_4
14034,2219616_6
14040,2219619_6
14045,2219619_6
14043,2219619_6
14046,2219619_6
14039,2219619_6
14038,2219617_6
14049,2219618_6
14042,2219619_6
14061,2219630_7
14054,2219625_8
14067,2219632_5
14055,2219625_8
14060,2219630_7
14063,2219632_5
14062,2219630_7
14066,2219624_5
14057,2219628_7
14056,2219626_4
14070,2219632_5
14064,2219627_5
14059,2219629_2
14065,2219629_2
14068,2219632_5
14069,2219632_5
14073,2219631_5
14094,2219634_3
14097,2219633_3
14102,2219634_3
14100,2219634_3
14106,2219635_2
14108,2219635_2
14117,2219636_2
14126,2219636_2
14118,2219638_5
14119,2219639_5
14127,2219639_5
14125,2219639_5
14120,2219637_3
14123,2219639_5
14121,2219639_5
14124,2219640_3
14130,2219641_3
14133,2219641_3
14135,2219641_3
14131,2219642_2
14134,2219642_2
14143,2219647_3
14148,2219647_3
14144,2219647_3
14152,2219651_3
14157,2219652_3
14153,2219650_3
14155,2219652_3
14158,2219652_3
14161,2219655_3
14159,2219654_3
14164,2219655_3
14163,2219655_3
14186,2219660_7
14179,2219658_5
14183,2219660_7
14181,2219660_7
14185,2219660_7
14182,2219660_7
14187,2219659_7
14184,2219660_7
14189,2219660_7
14193,2219662_3
14191,2219662_3
14196,2219662_3
14197,2219663_2
14199,2219663_2
14209,2219665_2
14210,2219665_2
14215,2219666_2
14218,2219666_2
14219,2219670_3
14223,2219670_3
14224,2219668_3
14226,2219670_3
14222,2219669_3
14228,2219673_2
14230,2219673_2
14229,2219675_3
14328,2219698_7
14330,2219698_7
14317,2219699_6
14313,2219695_4
14319,2219699_6
14241,2219679_5
14237,2219681_6
14244,2219681_6
14238,2219677_6
14240,2219681_6
14245,2219681_6
14243,2219679_5
14250,2219680_5
14247,2219680_5
14239,2219681_6
14242,2219681_6
14260,2219682_2
14268,2219682_2
14263,2219685_3
14266,2219683_4
14277,2219687_3
14271,2219686_3
14265,2219684_4
14264,2219685_3
14269,2219687_3
14276,2219686_3
14270,2219687_3
14285,2219688_2
14286,2219688_2
14297,2219689_3
14299,2219689_3
14298,2219689_3
14301,2219690_4
14368,2219711_7
14367,2219712_3
14370,2219712_3
14302,2219691_2
14308,2219691_2
14315,2219696_6
14321,2219699_6
14316,2219699_6
14320,2219699_6
14322,2219697_4
14318,2219699_6
14349,2219702_4
14350,2219703_4
14358,2219703_4
14354,2219703_4
14355,2219703_4
14356,2219704_2
14360,2219704_2
14364,2219706_6
14385,2219711_7
14376,2219709_7
14365,2219711_7
14383,2219711_7
14366,2219711_7
14387,2219711_7
14374,2219712_3
14369,2219713_2
14379,2219713_2
14375,2219719_5
14377,2219719_5
14378,2219719_5
14380,2219719_5
14381,2219719_5
14406,2219724_2
14407,2219724_2
14408,2219725_3
14414,2219727_3
14409,2219725_3
14413,2219727_3
14415,2219727_3
14535,2219829_3
14419,2219729_2
14422,2219729_2
14431,2219736_7
14428,2219732_3
14441,2219740_3
14433,2219734_4
14438,2219740_3
14429,2219737_5
14437,2219737_5
14430,2219736_7
14434,2219738_5
14440,2219741_3
14446,2219741_3
14442,2219738_5
14450,2219740_3
14445,2219741_3
14453,2219742_2
14548,2219742_2
14457,2219743_3
14459,2219743_3
14458,2219743_3
14462,2219744_3
14524,2219825_3
14520,2219825_3
14468,2219791_4
14495,2219816_8
14481,2219797_9
14494,2219818_3
14499,2219816_8
14476,2219811_8
14486,2219814_9
14490,2219818_3
14485,2219799_8
14477,2219810_11
14500,2219780_11
14492,2219816_8
14474,2219810_11
14501,2219780_11
14483,2219814_9
14470,2219799_8
14484,2219814_9
14506,2219762_9
14547,2219784_9
14488,2219816_8
14510,2219816_8
14498,2219816_8
14493,2219814_9
14487,2219815_8
14471,2219802_4
14513,2219811_8
14496,2219816_8
14521,2219818_3
14491,2219820_4
14591,2219855_5
14595,2219859_5
14597,2219859_5
14598,2219859_5
14504,2219822_3
14508,2219823_3
14526,2219825_3
14528,2219828_6
14533,2219829_3
14534,2219828_6
14540,2219828_6
14531,2219828_6
14539,2219829_3
14554,2219841_4
14674,2219878_4
14675,2219878_4
14669,2219878_4
14561,2219844_2
14564,2219844_2
14566,2219845_8
14574,2219845_8
14570,2219845_8
14569,2219845_8
14573,2219845_8
14571,2219845_8
14567,2219845_8
14577,2219845_8
14568,2219846_3
14580,2219848_4
14589,2219854_5
14584,2219852_3
14590,2219854_5
14586,2219850_5
14587,2219850_5
14588,2219850_5
14605,2219862_14
14617,2219862_14
14596,2219857_3
14602,2219862_14
14609,2219863_3
14600,2219861_15
14615,2219862_14
14606,2219862_14
14610,2219862_14
14601,2219862_14
14613,2219863_3
14614,2219862_14
14611,2219862_14
14616,2219860_12
14608,2219862_14
14607,2219861_15
14612,2219862_14
14621,2219862_14
14603,2219863_3
14634,2219866_2
14710,2219866_2
14647,2219869_10
14655,2219872_9
14659,2219873_3
14663,2219872_9
14653,2219872_9
14656,2219872_9
14661,2219872_9
14651,2219872_9
14648,2219870_10
14660,2219872_9
14662,2219871_11
14652,2219873_3
14666,2219871_11
14664,2219872_9
14680,2219873_3
14678,2219878_4
14670,2219877_4
14691,2219883_3
14694,2219883_3
14692,2219883_3
14704,2219885_3
14705,2219885_3
14709,2219885_3
14706,2219886_3
14707,2219886_3
14708,2219886_3
14715,2219888_2
14719,2219888_2
14754,2219895_3
14757,2219895_3
14756,2219895_3
14765,2219896_2
14766,2219896_2
14779,2219899_3
14781,2219899_3
14782,2219899_3
14784,2219898_3
14810,2219907_8
14819,2219907_8
14817,2219907_8
14814,2219907_8
14812,2219907_8
14813,2219907_8
14815,2219907_8
14816,2219907_8
14821,2219908_6
14823,2219908_6
14825,2219908_6
14829,2219908_6
14824,2219908_6
14822,2219908_6
14832,2219909_2
14833,2219909_2
14847,2219910_8
14922,2219910_8
14848,2219910_8
14856,2219910_8
14855,2219910_8
14851,2219910_8
14854,2219910_8
14850,2219910_8
14860,2219912_2
14862,2219912_2
14868,2219914_4
14872,2219914_4
14871,2219914_4
14870,2219914_4
14884,2219917_3
14891,2219918_4
14892,2219918_4
14889,2219918_4
14893,2219918_4
14901,2219919_2
14902,2219919_2
14905,2219920_2
14910,2219920_2
14909,2219921_2
14911,2219921_2
14925,2219923_2
14926,2219923_2
14953,2219925_2
14956,2219925_2
14954,2219927_3
14959,2219927_3
14958,2219926_3
14957,2219927_3
14963,2219928_6
14965,2219928_6
14968,2219928_6
14964,2219928_6
14967,2219928_6
14966,2219928_6
14973,2219929_3
14977,2219929_3
14974,2219929_3
14976,2219930_4
14982,2219930_4
14980,2219930_4
14978,2219930_4
15000,2219934_2
15001,2219934_2
15008,2219935_2
15009,2219935_2
15016,2219937_3
15021,2219937_3
15020,2219936_3
15022,2219937_3
15032,2219938_5
15037,2219938_5
15036,2219938_5
15033,2219938_5
15041,2219938_5
15074,2219942_2
15075,2219942_2
15092,2219944_3
15139,2219944_3
15094,2219944_3
15138,2219943_3
15098,2219946_6
15106,2219945_7
15099,2219946_6
15104,2219946_6
15108,2219946_6
15101,2219945_7
15100,2219946_6
15102,2219946_6
15114,2219947_4
15115,2219947_4
15116,2219947_4
15117,2219947_4
15126,2219949_8
15125,2219949_8
15129,2219949_8
15131,2219949_8
15130,2219949_8
15127,2219949_8
15132,2219949_8
15128,2219949_8
15144,2219950_2
15146,2219950_2
15148,2219951_3
15151,2219951_3
15149,2219951_3
15155,2219953_3
15161,2219953_3
15253,2219953_3
15164,2219956_3
15169,2219959_3
15168,2219959_3
15172,2219959_3
15179,2219963_3
15191,2219963_3
15184,2219963_3
15189,2219964_2
15190,2219964_2
15217,2219965_3
15219,2219965_3
15218,2219965_3
15222,2219966_3
15226,2219966_3
15224,2219966_3
15240,2219967_2
15244,2219967_2
15273,2219971_2
15276,2219971_2
15290,2219975_7
15383,2219992_5
15387,2219992_5
15386,2219987_4
15385,2219975_7
15382,2219992_5
15376,2219987_4
15303,2219979_3
15319,2219981_4
15311,2219978_3
15312,2219978_3
15307,2219979_3
15310,2219979_3
15316,2219981_4
15317,2219981_4
15321,2219981_4
15322,2219982_2
15327,2219982_2
15360,2219985_5
15363,2219984_5
15365,2219986_4
15367,2219986_4
15364,2219986_4
15368,2219985_5
15361,2219986_4
15374,2219987_4
15378,2219990_4
15381,2219990_4
15406,2220007_4
15397,2220007_4
15487,2220007_4
15392,2220004_5
15405,2220002_5
15422,2220004_5
15404,2220001_5
15388,2219997_4
15395,2220000_6
15396,2220006_5
15394,2220006_5
15398,2220007_4
15412,2220010_4
15413,2220010_4
15415,2220010_4
15414,2220010_4
15489,2220021_5
15495,2220021_5
15497,2220021_5
15493,2220021_5
15492,2220021_5
15551,2220030_2
15555,2220030_2
15604,2220032_2
15608,2220032_2
15614,2220033_2
15687,2220033_2
15666,2220038_7
15669,2220038_7
15667,2220039_5
15670,2220039_5
15671,2220039_5
15672,2220039_5
15675,2220038_7
15692,2220039_5
15673,2220041_6
15683,2220041_6
15681,2220041_6
15684,2220041_6
15679,2220041_6
15682,2220041_6
15714,2220050_3
15723,2220054_7
15717,2220055_4
15727,2220056_4
15728,2220056_4
15719,2220056_4
15720,2220054_7
15722,2220052_7
15732,2220053_7
15730,2220054_7
15725,2220054_7
15724,2220056_4
15791,2220061_2
15798,2220061_2
15792,2220062_9
15795,2220062_9
15804,2220062_9
15800,2220062_9
15797,2220062_9
15796,2220062_9
15806,2220062_9
15793,2220062_9
15794,2220062_9
15812,2220063_3
15831,2220083_3
15821,2220080_3
15814,2220066_4
15815,2220066_4
15822,2220083_3
15817,2220073_6
15833,2220090_3
15841,2220093_4
15827,2220072_6
15828,2220089_5
15832,2220091_3
15971,2220093_4
15823,2220086_3
15826,2220089_5
15840,2220093_4
15842,2220080_3
15847,2220097_3
15845,2220095_3
15843,2220083_3
15835,2220093_4
15830,2220090_3
15850,2220102_3
15864,2220110_4
15849,2220099_3
15857,2220104_3
15881,2220117_6
15859,2220102_3
15865,2220112_7
15856,2220102_3
15868,2220112_7
15873,2220117_6
15866,2220104_3
15860,2220105_3
15862,2220105_3
15861,2220105_3
15882,2220117_6
15878,2220117_6
15884,2220116_5
15869,2220113_5
15879,2220110_4
15883,2220117_6
15872,2220114_3
15885,2220114_3
15890,2220114_3
15888,2220116_5
15887,2220117_6
15915,2220118_3
15917,2220118_3
15921,2220118_3
15929,2220120_4
15923,2220120_4
15925,2220120_4
15930,2220120_4
15924,2220121_3
15994,2220121_3
15931,2220121_3
15941,2220122_2
15943,2220122_2
15944,2220125_3
15950,2220124_3
15951,2220125_3
15948,2220125_3
15953,2220123_3
15966,2220131_2
15968,2220131_2
15967,2220132_2
16039,2220132_2
16015,2220134_3
16018,2220135_3
16025,2220133_6
16020,2220134_3
16016,2220135_3
16017,2220133_6
16028,2220134_3
16021,2220135_3
16063,2220145_4
16066,2220144_5
16069,2220144_5
16068,2220145_4
16070,2220145_4
16065,2220145_4
16086,2220146_2
16088,2220146_2
16090,2220147_3
16092,2220147_3
16093,2220147_3
16122,2220156_5
16115,2220153_11
16134,2220156_5
16116,2220156_5
16131,2220156_5
16132,2220156_5
16130,2220155_11
16118,2220154_11
16126,2220155_11
16133,2220155_11
16129,2220155_11
16125,2220155_11
16120,2220155_11
16119,2220155_11
16139,2220157_8
16164,2220163_8
16156,2220165_5
16154,2220165_5
16172,2220167_3
16162,2220164_6
16159,2220167_3
16160,2220166_4
16145,2220158_3
16148,2220160_4
16168,2220165_5
16157,2220164_6
16155,2220165_5
16165,2220165_5
16173,2220167_3
16161,2220166_4
16178,2220171_6
16239,2220171_6
16242,2220171_6
16237,2220171_6
16238,2220171_6
16240,2220170_6
16246,2220171_6
16189,2220172_4
16300,2220172_4
16309,2220172_4
16306,2220172_4
16401,2_4
16219,2220174_2
16221,2220174_2
16287,2220180_2
16292,2220180_2
16333,2220181_12
16337,2220183_7
16340,2220183_7
16336,2220183_7
16347,2220181_12
16348,2220181_12
16335,2220183_7
16344,2220183_7
16345,2220181_12
16349,2220181_12
16342,2220181_12
16339,2220183_7
16341,2220183_7
16352,2220182_7
16365,2220184_3
16371,2220184_3
16373,2220184_3
16376,2220185_2
16381,2220185_2
16402,4_4
16514,4_4
16504,4_4
16407,4_4
16452,12_11
16446,12_11
16437,12_11
16448,12_11
16447,12_11
16451,12_11
16443,12_11
16445,14_3
16454,12_11
16444,12_11
16449,14_3
16463,14_3
16459,16_3
16462,16_3
16464,16_3
16506,19_3
16509,19_3
16510,19_3
16551,20_2
16553,20_2
16564,21_4
16568,21_4
16572,21_4
16569,21_4
16583,22_2
16587,22_2
16629,24_13
16643,24_13
16639,24_13
16633,25_4
16767,25_4
16641,24_13
16634,24_13
16637,24_13
16638,24_13
16646,24_13
16649,24_13
16631,25_4
16642,24_13
16644,25_4
16635,27_3
16716,27_3
16761,26_3
16723,27_3
16678,30_2
16679,30_2
16692,31_2
16696,31_2
16703,32_4
16711,33_3
16707,32_4
16710,33_3
16708,33_3
16750,35_2
16756,35_2
16798,39_2
16807,39_2
16824,40_3
16825,40_3
16830,40_3
16833,43_2
16846,43_2
16853,44_2
16854,44_2
16864,45_2
16865,45_2
16869,47_2
16871,47_2
16882,48_2
16885,48_2
16930,49_3
16932,49_3
16934,49_3
16933,50_3
16937,50_3
16935,50_3
16946,53_3
16956,54_3
16951,53_3
16952,54_3
16963,54_3
16969,57_2
16977,57_2
16982,59_3
16990,59_3
16984,59_3
16985,58_3
16992,60_4
17003,60_4
16994,60_4
16998,60_4
17008,65_3
16997,63_2
17006,63_2
17010,64_5
17017,64_5
17020,65_3
17016,65_3
17015,64_5
17044,66_6
17053,67_6
17142,67_6
17130,67_6
17047,67_6
17046,67_6
17048,67_6
17070,71_4
17080,76_4
17083,76_4
17082,74_4
17091,75_4
17088,76_4
17087,76_4
17212,81_3
17215,82_4
17214,81_3
17217,82_4
17213,82_4
17222,82_4
17227,85_12
17244,85_12
17240,85_12
17233,86_5
17242,85_12
17231,86_5
17230,86_5
17235,85_12
17247,85_12
17239,86_5
17243,85_12
17232,85_12
17245,86_5
17257,87_2
17431,87_2
17261,88_3
17265,89_3
17263,89_3
17272,89_3
17264,91_6
17404,101_6
17394,101_6
17398,101_6
17399,100_11
17396,101_6
17407,100_11
17406,100_11
17408,100_11
17392,101_6
17337,95_2
17355,95_2
17343,96_2
17349,96_2
17383,99_7
17397,101_6
17405,100_11
17395,100_11
17419,104_2
17421,104_2
17449,107_9
17457,108_9
17465,108_9
17462,108_9
17459,108_9
17455,108_9
17450,107_9
17454,108_9
17461,107_9
17451,108_9
17458,108_9
17469,108_9
17490,111_2
17492,111_2
17528,112_10
17539,112_10
17536,112_10
17540,112_10
17533,112_10
17530,112_10
17537,112_10
17541,112_10
17531,112_10
17532,112_10
17613,118_5
17628,118_5
17619,118_5
17633,117_5
17629,118_5
17620,118_5
17638,119_2
17647,119_2
17691,122_2
17692,122_2
17696,123_3
17697,124_7
17701,123_3
17709,126_7
17713,126_7
17712,126_7
17705,126_7
17706,126_7
17702,126_7
17710,126_7
17740,131_6
17737,130_7
17744,130_7
17748,130_7
17746,130_7
17742,130_7
17752,130_7
17753,130_7
17739,131_6
17755,131_6
17751,131_6
17754,131_6
17747,131_6
17745,132_2
17749,132_2
17781,135_2
17787,135_2
17825,139_3
17820,139_3
17821,139_3
17841,141_3
17847,141_3
17843,141_3
17900,146_3
17902,146_3
17903,146_3
17907,145_3
17910,189_12
17944,282_8
17943,283_3
17955,287_9
17962,283_3
17933,248_12
17950,287_9
17959,303_4
17938,279_9
17956,285_9
17960,196_11
17931,244_3
17964,286_9
17945,287_9
17930,241_4
17935,254_11
17948,287_9
17949,287_9
17941,271_13
17937,267_12
17942,282_8
17928,218_13
17957,303_4
17916,198_11
17921,199_11
17985,307_13
17974,309_5
17975,307_13
17966,308_3
17981,307_13
17987,307_13
17988,307_13
17978,309_5
17986,309_5
17980,307_13
17926,202_9
17936,271_13
17927,204_13
17996,307_13
17990,307_13
17999,309_5
17976,283_3
17952,303_4
17929,219_8
17965,287_9
17963,241_4
17953,244_3
17951,271_13
17947,287_9
17971,303_4
17970,308_3
17991,307_13
18001,306_13
17998,309_5
18019,317_5
18051,316_5
18053,317_5
18033,317_5
18050,317_5
18048,317_5
18021,319_2
18036,319_2
18037,418_27
18171,418_27
18139,418_27
18137,2186652_9
18163,406_27
18145,413_28
18173,409_32
18153,2186653_9
18156,418_27
18144,2186653_9
18146,411_32
18164,2186653_9
18148,418_27
18170,418_27
18149,418_27
18162,418_27
18160,418_27
18159,418_27
18177,381_24
18169,418_27
18151,418_27
18175,2186653_9
18155,405_33
18138,411_32
18178,411_32
18135,418_27
18126,418_27
18141,418_27
18257,418_27
18150,418_27
18176,2186653_9
18132,411_32
18142,417_28
18130,418_27
18161,418_27
18147,418_27
18183,399_34
18154,2186653_9
18140,418_27
18172,2186653_9
18143,418_27
18165,416_23
18166,407_27
18168,2186653_9
18131,418_27
18073,710_3
18074,710_3
18079,710_3
18101,721_2
18102,721_2
18109,725_10
18120,724_10
18116,725_10
18184,723_10
18121,725_10
18113,725_10
18111,725_10
18114,725_10
18202,725_10
18110,725_10
18115,725_10
18122,725_10
18180,2186653_9
18196,2197331_2
18198,2197331_2
18225,2197384_3
18228,2197384_3
18227,2197384_3
18242,2197569_6
18243,2197569_6
18247,2197569_6
18256,2197569_6
18244,2197569_6
18251,2197569_6
18274,2197574_2
18283,2197574_2
18276,2197575_2
18278,2197575_2
18294,2197580_3
18298,2197581_3
18296,2197581_3
18336,2197581_3
18308,2197583_4
18322,2197583_4
18310,2197583_4
18318,2197583_4
18315,2197617_2
18320,2197617_2
18378,2197649_2
18379,2197649_2
18589,2199314_10
18629,2199270_3
18488,2199259_3
18544,2199259_3
18491,2199259_3
18519,2199263_5
18511,2199263_5
18720,2199275_3
18489,2199537_3
18838,2199538_3
18713,2199538_3
18500,2199263_5
18510,2199276_3
18515,2199276_3
18509,2199272_3
18583,2199554_3
18723,2199554_3
18530,2199284_3
18552,2199299_4
18579,2199349_3
18558,2199305_3
18581,2199314_10
18535,2199287_10
18574,2199314_10
18582,2199314_10
18570,2199314_10
18575,2199314_10
18580,2199554_3
18577,2199314_10
18541,2199288_3
18614,2199380_4
18616,2199407_3
18545,2199296_3
18718,2199538_3
18571,2199299_4
18584,2199314_10
18604,2199380_4
18596,2199359_2
18724,2199359_2
18633,2199379_4
18619,2199407_3
18634,2199407_3
18639,2199473_2
18665,2199473_2
18689,2199518_3
18677,2199510_3
18684,2199511_3
18688,2199511_3
18681,2199511_3
18687,2199518_3
18699,2199518_3
18709,2199536_2
18739,2199536_2
18746,2199599_2
18748,2199599_2
18752,2199602_2
18870,2199602_2
18774,2199640_3
18773,2199640_3
18788,2199639_9
18804,2199661_5
18806,2199674_5
18809,2199679_4
18797,2199665_4
18787,2199639_9
18789,2199652_4
18808,2199677_4
18791,2199661_5
18810,2199680_4
18805,2199671_5
18880,2199781_4
18780,2199655_3
18795,2199666_3
18790,2199658_3
19148,2219341_4
18851,2199688_7
18856,2199661_5
18843,2199774_7
18823,2199666_3
18872,2219341_4
18869,2199773_7
18848,2199781_4
18862,2199774_7
18845,2199677_4
18801,2199668_2
18897,2199668_2
18826,2199688_7
18817,2199685_4
19126,2199781_4
18886,2219341_4
18830,2199697_5
18836,2199770_4
19158,2200627_4
18889,2199769_5
19064,2200627_4
18906,2200627_4
19203,2199769_5
18953,2199769_5
18858,2219321_2
18863,2219321_2
18916,2219341_4
18883,2219354_3
18931,2219354_3
18919,2219354_3
19162,2200627_4
18962,2199086_32
19050,2200392_34
18974,2200571_17
18990,2200558_18
19003,2200570_19
18991,2200536_19
19042,2198885_27
19034,2200481_26
19200,2200508_28
19000,2200569_19
18989,2200508_28
19039,2200508_28
19010,2200508_28
19024,2200446_31
18997,2200558_18
18981,2200520_16
18993,2200570_19
18994,2200556_20
18986,2200571_17
18967,2199087_30
19041,2200568_17
19019,2200394_31
18983,2200571_17
19004,2200571_17
19049,2200613_6
18988,2200508_28
19001,2200613_6
19026,2200571_17
18984,2200500_26
19036,2200446_31
18996,2200571_17
19017,2200571_17
18995,2200571_17
18966,2199087_30
19025,2200565_17
19013,2200521_6
18998,2200571_17
18980,2200508_28
18973,2200508_28
18979,2200190_21
19053,2199087_30
19043,2200500_26
19021,2200605_3
19005,2200571_17
19027,2200570_19
19028,2200570_19
18992,2200571_17
19018,2200556_20
19006,2200571_17
19007,2200571_17
19051,2199082_30
19008,2200571_17
19047,2200508_28
18982,2200536_19
19037,2200613_6
19044,2200605_3
18976,2200508_28
19023,2200508_28
18985,2200562_16
18978,2200508_28
18999,2200556_20
19002,2200613_6
18987,2199087_30
18977,2197899_26
19029,2199085_30
18968,2200605_3
18972,2200165_24
18975,2200613_6
19033,2200508_28
19040,2200571_17
19156,2200613_6
19275,2200521_6
19089,2200644_2
19094,2200644_2
19107,2200658_2
19113,2200658_2
19115,2200743_9
19127,2200743_9
19120,2200742_8
19118,2200743_9
19124,2200743_9
19128,2200743_9
19117,2200743_9
19121,2200743_9
19119,2200743_9
19123,2200743_9
19198,2200813_3
19525,2201121_5
19528,2201121_5
19255,2200867_3
19274,2200943_3
19279,2200874_11
19259,2200876_10
19270,2200876_10
19262,2200876_10
19269,2200876_10
19260,2200876_10
19267,2200875_9
19264,2200872_10
19273,2200876_10
19261,2200876_10
19265,2200874_11
19268,2200876_10
19266,2200876_10
19311,2200945_5
19302,2200945_5
19283,2200944_5
19303,2200945_5
19294,2200945_5
19300,2200944_5
19292,2200910_5
19301,2200945_5
19298,2200925_6
19297,2200924_4
19319,2200947_2
19343,2200947_2
19352,2200961_5
19363,2200961_5
19354,2200961_5
19360,2200961_5
19353,2200961_5
19357,2200962_2
19605,2200962_2
19379,2200976_6
19680,2200976_6
19391,2200976_6
19382,2200976_6
19664,2200976_6
19663,2200976_6
19433,2201047_2
19785,2201047_2
19461,2201085_2
19487,2201085_2
19498,2201113_3
20033,2201113_3
20000,2201112_3
20020,2201113_3
19536,2201121_5
19526,2201121_5
19548,2201121_5
19560,2201137_2
19669,2201137_2
19632,2201184_2
19637,2201184_2
19658,2201190_2
19950,2201190_2
19759,2201248_3
19732,2201206_3
19761,2201248_3
19767,2201205_3
19737,2201245_14
20188,2201444_8
20256,2201510_5
19888,2201342_12
20198,2201445_6
19914,2201366_7
20176,2201208_3
20614,2201549_5
20249,2201210_7
20688,2201547_6
20218,2201471_8
20582,2201449_12
20195,2201358_12
20182,2201364_13
20169,2201212_9
20616,2201459_4
20233,2201485_8
20251,2201501_7
20599,2201548_6
20173,2201440_5
20651,2201449_12
20583,2212993_5
20683,2201458_4
20193,2201364_13
20235,2201486_9
20245,2201496_9
20209,2201459_4
19827,2201284_4
20532,2201566_4
19766,2201248_3
20162,2201281_3
19814,2201265_3
20102,2201265_3
20104,2201293_3
19866,2201293_3
19830,2201273_4
19823,2201272_4
19824,2201273_4
19832,2201293_3
20153,2201280_4
20136,2201283_4
20190,2201445_6
20114,2201282_3
20178,2201284_4
20200,2201449_12
19847,2201295_2
19887,2201295_2
19871,2201301_2
19900,2201301_2
19875,2201307_11
20224,2201480_3
20275,2201522_7
20269,2201303_4
20293,2201460_4
20253,2201507_6
20786,2201522_7
20294,2201306_16
20287,2201542_3
20560,2201306_16
20310,2201307_11
20282,2201539_3
20274,2201522_7
20271,2201521_4
20277,2201522_7
20252,2201504_5
20302,2201306_16
20276,2201522_7
20281,2201307_11
20272,2201522_7
20159,2201435_11
20539,2212993_5
20637,2212993_5
20219,2201478_6
20291,2201548_6
19920,2201367_2
19982,2201367_2
19926,2201368_6
19928,2201368_6
19931,2201368_6
19929,2201368_6
19930,2201368_6
19940,2201368_6
19963,2201375_3
19975,2201375_3
19964,2201374_3
19972,2201375_3
19965,2201376_2
19968,2201376_2
19988,2201391_2
19989,2201391_2
20419,2210171_10
20025,2201395_2
20028,2201395_2
20220,2201469_4
20214,2201467_3
20157,2201425_6
20191,2201446_9
20586,2212993_5
20295,2201551_5
20328,2201567_3
20344,2201427_4
20170,2201437_3
20206,2201454_3
20213,2201453_3
20199,2201440_5
20175,2201442_3
20705,2201441_3
20700,2201442_3
20710,2201442_3
20250,2201453_3
20210,2201461_3
20285,2201522_7
20228,2201467_3
20570,2212993_5
20215,2201468_3
20292,2201550_3
20308,2201567_3
20318,2201574_3
20356,2201573_3
20357,2201586_3
20332,2201574_3
20319,2201576_5
20886,2201576_5
20898,2201575_6
20910,2201576_5
20922,2201576_5
20868,2201575_6
20366,2201576_5
20363,2201589_5
20339,2201586_3
20374,2201592_3
20394,2206044_12
20399,2207313_9
20398,2207133_15
20402,2207531_16
20378,2201593_3
20483,2212983_8
20383,2201594_2
21032,2201594_2
20384,2201595_8
20404,2207594_12
20416,2209958_19
20407,2209988_15
20435,2212977_16
20392,2201597_4
20393,2205251_18
20470,2212944_21
20472,2212977_16
20449,2212977_16
20491,2211311_19
20962,2212947_12
20443,2212977_16
20408,2209961_9
20424,2211839_21
20446,2212939_19
20459,2212948_12
20469,2212977_16
20467,2212975_17
20454,2211211_20
20412,2210153_15
20473,2212977_16
20468,2212976_16
20475,2212923_5
20494,2211791_20
20465,2212977_16
20486,2212983_8
20498,2212971_20
20463,2212944_21
20425,2212784_4
20445,2212977_16
20429,2212815_20
20438,2212922_20
20490,2212977_16
20460,2212782_23
20448,2212871_13
20431,2212855_20
20487,2212782_23
20476,2212983_8
20464,2212971_20
20471,2212966_18
20461,2212977_16
20458,2212983_8
20453,2211839_21
20444,2212784_4
20482,2212782_23
20495,2212966_18
20457,2212977_16
20480,2211831_22
20455,2212782_23
20485,2212971_20
20466,2212975_17
20492,2212971_20
20442,2212977_16
20489,2212946_12
20506,2212977_16
20411,2207134_7
20430,2207085_15
20496,2210161_5
20428,2207313_9
20440,2212966_18
20434,2205922_10
20499,2212966_18
20493,2205556_7
20481,2207305_10
20397,2206046_9
20450,2207306_12
20420,2205923_8
20417,2205253_6
20422,2210197_15
20502,2205255_4
20497,2212982_8
20512,2210317_13
20694,2212983_8
20462,2212983_8
20478,2212983_8
20433,2212905_15
20474,2212924_6
20979,2212983_8
20421,2210173_6
20439,2212944_21
20426,2212787_3
20834,2212925_6
20791,2212784_4
20479,2212787_3
20537,2212992_2
20550,2212992_2
20555,2213007_2
20558,2213007_2
20576,2213008_2
20590,2213008_2
20675,2213020_2
20720,2213020_2
20733,2213035_2
20848,2213035_2
20734,2213038_5
20839,2213056_6
20783,2213056_6
20774,2213056_6
20759,2213052_5
20812,2213055_6
20842,2213056_6
20837,2213056_6
20844,2213056_6
20785,2213057_3
20874,2213057_3
20801,2213057_3
20847,2213062_2
20878,2213062_2
20869,2213067_3
20871,2213067_3
21339,2213067_3
21796,2213206_4
20987,2213111_6
21535,2213111_6
21544,2213111_6
21537,2213516_3
21529,2213516_3
21540,2213111_6
21556,2213111_6
21070,2213179_2
21071,2213179_2
21090,2213181_3
21105,2213185_3
21104,2213185_3
21879,2213185_3
21129,2213190_4
21138,2213194_3
21133,2213190_4
21137,2213194_3
21148,2213194_3
21156,2213200_3
21183,2213200_3
21659,2213200_3
21197,2213205_2
21288,2213205_2
21199,2213206_4
21208,2213206_4
21232,2213206_4
21234,2213208_2
21318,2213208_2
21259,2213212_3
21284,2213212_3
21294,2213212_3
21264,2213213_2
21326,2213213_2
21373,2213419_4
21334,2213418_5
21347,2213419_4
21452,2213512_5
21369,2213513_5
21379,2213513_5
21402,2213509_5
21453,2213513_5
21338,2213419_4
21357,2213419_4
21494,2213513_5
21923,2213510_5
21962,2213511_5
21484,2213513_5
21383,2213515_2
21392,2213515_2
21389,2213516_3
21434,2213524_5
21907,2214111_3
21890,2213524_5
21902,2214111_3
21893,2213524_5
21455,2213536_2
21505,2213536_2
21465,2213540_3
22399,2214161_3
22066,2214161_3
21519,2213555_2
21994,2213555_2
21582,2213574_2
21913,2213574_2
21676,2213803_3
21658,2213750_4
21674,2213803_3
21675,2213807_3
21668,2213771_4
22213,2214197_3
22203,2214197_3
22243,2213771_4
21670,2213772_5
21727,2213866_3
22067,2213866_3
22136,2213772_5
21704,2213834_4
21706,2213807_3
21748,2213803_3
21697,2213807_3
21695,2213834_4
21696,2213834_4
21701,2213866_3
22261,2214065_3
21725,2213880_2
21738,2213880_2
21740,2214048_3
22303,2214048_3
21782,2214048_3
21776,2214065_3
21792,2214069_4
21773,2214065_3
21805,2214074_4
21824,2214074_4
21813,2214074_4
21831,2214074_4
21847,2214084_3
21863,2214084_3
21848,2214084_3
21898,2214110_4
21901,2214110_4
21905,2214109_4
21930,2214110_4
21906,2214110_4
21912,2214111_3
21933,2214122_2
21986,2214122_2
21953,2214126_6
22114,2214174_4
22264,2214174_4
22328,2214126_6
22257,2214126_6
22288,2214174_4
23030,2214325_3
21963,2214128_2
21965,2214128_2
22010,2214145_2
22033,2214145_2
22034,2214149_3
22089,2214166_3
22149,2214166_3
22043,2214152_4
22134,2214152_4
22408,2214165_3
22130,2214152_4
22135,2214152_4
22048,2214155_3
22049,2214155_3
22120,2214155_3
22060,2214160_3
22084,2214161_3
22073,2214162_3
22085,2214162_3
22079,2214162_3
22434,2214166_3
22409,2214174_4
22151,2214189_3
22137,2214186_3
22150,2214189_3
22158,2214186_3
22154,2214189_3
22162,2214186_3
22179,2214194_2
22180,2214194_2
22223,2214197_3
22209,2214200_2
22219,2214200_2
22224,2214207_3
22846,2214206_4
22504,2214206_4
22503,2214325_3
22889,2214325_3
22279,2214221_3
22286,2214225_3
22287,2214225_3
22340,2214245_4
22333,2214246_3
22319,2214238_3
22816,2214238_3
22786,2214567_3
22324,2214242_3
22750,2214249_3
22363,2214249_3
22329,2214243_4
22389,2214246_3
22366,2214246_3
22372,2214243_4
22357,2214249_3
22371,2214245_4
22342,2214247_3
22356,2214247_3
22350,2214247_3
22374,2214253_2
22376,2214253_2
22451,2214287_4
22423,2214270_3
22455,2214287_4
22460,2214287_4
22439,2214281_6
22754,2214566_5
22747,2214281_6
22768,2214565_5
22749,2214561_3
22765,2214567_3
22761,2214561_3
22758,2214280_8
22748,2214566_5
22753,2214566_5
22458,2214287_4
22479,2214312_3
22487,2214311_4
22515,2214312_3
22486,2214311_4
22710,2214312_3
22507,2214324_3
22505,2214329_4
22528,2214329_4
22532,2214328_3
22533,2214329_4
22527,2214329_4
22572,2214494_2
22587,2214494_2
22599,2214504_3
22631,2214511_3
22626,2214511_3
22606,2214507_3
22649,2214507_3
22705,2214506_3
22642,2214523_8
22655,2214511_3
22640,2214521_7
23009,2214517_4
22998,2214520_9
23000,2214518_7
22990,2214629_6
22986,2214629_6
22994,2214629_6
22989,2214630_3
22985,2214629_6
23003,2214617_7
22991,2214630_3
22992,2214629_6
22997,2214628_8
22647,2214523_8
22652,2214523_8
22653,2214523_8
22644,2214523_8
23171,2214522_3
22663,2214523_8
22645,2214523_8
22648,2214523_8
22656,2214532_3
23165,2214741_3
23505,2214532_3
22671,2214535_2
22922,2214535_2
22684,2214540_3
22721,2214551_8
22716,2214551_8
22707,2214546_4
23228,2214776_4
23246,2214776_4
23210,2214767_5
22713,2214547_2
22728,2214547_2
22737,2214561_3
22738,2214551_8
22722,2214556_4
22733,2214556_4
22730,2214551_8
22723,2214551_8
22718,2214551_8
22720,2214556_4
22835,2214567_3
22771,2214568_2
22883,2214568_2
22817,2214582_2
22850,2214582_2
22847,2214589_2
23356,2214589_2
22884,2214593_2
23529,2214593_2
22894,2214594_2
22927,2214594_2
22912,2214595_3
22980,2214627_3
23213,2214627_3
22916,2214597_2
22957,2214597_2
22947,2214615_2
22954,2214615_2
22950,2214616_2
23067,2214616_2
22956,2214617_7
22973,2214624_4
23015,2214653_4
22982,2214624_4
23008,2214651_4
22974,2214625_3
23817,2214777_4
22977,2214626_2
23005,2214626_2
23222,2214627_3
22996,2214629_6
23016,2214654_3
23004,2214646_4
23449,2214988_5
23472,2214992_5
23496,2214988_5
23461,2214993_6
23459,2214986_12
23440,2214989_5
23467,2214993_6
23463,2214986_12
23422,2214645_3
23438,2214986_12
23423,2214972_3
23429,2214975_3
23431,2214976_3
23460,2214974_5
23439,2214988_5
23176,2214654_3
23029,2214652_5
23041,2214652_5
23042,2214653_4
23017,2214654_3
23028,2214656_2
23044,2214656_2
23108,2214678_3
23170,2214743_5
23630,2214743_5
23117,2214682_2
23140,2214682_2
23136,2214726_2
23307,2214726_2
23183,2214752_4
23179,2214746_4
23639,2215066_12
23889,2215068_11
23621,2215068_11
23174,2214745_3
23180,2214745_3
23190,2214760_4
23855,2214777_4
23280,2199700_5
23242,2214747_3
23182,2214747_3
23232,2214777_4
23279,2199694_4
23225,2214774_3
23189,2214753_4
23262,2214857_3
23237,2214774_3
23248,2214760_4
23240,2214777_4
23592,2214759_4
23204,2214764_2
23206,2214764_2
23251,2214807_2
23317,2214807_2
23253,2214857_3
23274,2214857_3
23257,2199545_2
23258,2199545_2
23270,2215068_11
23649,2215067_7
23624,2215068_11
23610,2215061_5
23634,2215068_11
23631,2215068_11
23618,2215068_11
23629,2215068_11
23650,2215065_8
23637,2215068_11
23635,2215066_12
23636,2215068_11
23623,2215068_11
23677,2214954_4
23312,2214920_4
23308,2214918_2
23346,2214918_2
23679,2214954_4
23352,2214954_4
23314,2214925_5
23340,2214954_4
23354,2214923_5
23363,2214925_5
23332,2214921_3
23341,2214925_5
23319,2214928_2
23448,2214928_2
23331,2214936_2
23339,2214936_2
23335,2214940_2
23402,2214940_2
23359,2214959_2
23445,2214959_2
23415,2214971_2
23419,2214971_2
23426,2214976_3
23452,2214973_8
23450,2214973_8
23442,2214974_5
23447,2214974_5
23458,2214973_8
23451,2214976_3
23428,2214978_4
23453,2214993_6
23455,2214986_12
23457,2214993_6
23441,2214988_5
23456,2214986_12
23436,2214983_3
23465,2214993_6
23469,2214994_4
23486,2214983_3
23470,2214994_4
23474,2214994_4
23443,2214989_5
23471,2214993_6
23454,2214986_12
23480,2214994_4
23488,2214999_2
23687,2214999_2
23508,2215003_4
23750,2215003_4
23720,2215002_4
23700,2215003_4
23764,2215003_4
23513,2215004_2
23519,2215004_2
23530,2215012_2
23534,2215012_2
23549,2215037_4
23585,2215052_3
23564,2215037_4
23582,2215052_3
23589,2215056_3
23586,2215055_2
23587,2215055_2
23588,2215057_3
23606,2215059_4
23616,2215063_8
23628,2215064_7
23663,2215083_18
24362,2215083_18
24072,2215079_10
24446,2215083_18
24061,2215182_12
24048,2215186_9
24356,2215083_18
24070,2215186_9
24055,2215083_18
24060,2215182_12
24077,2215182_12
24079,2215186_9
24067,2215184_10
24056,2215184_10
24043,2215185_8
24058,2215186_9
24044,2215186_9
24020,2215082_11
24059,2215186_9
24069,2215182_12
24041,2215186_9
24068,2215078_19
24040,2215181_12
24319,2215083_18
23685,2215089_2
23686,2215089_2
23725,2215099_4
23718,2215096_3
23729,2215099_4
23734,2215099_4
23738,2215099_4
23778,2215104_4
23768,2215104_4
23770,2215104_4
23771,2215104_4
23814,2215109_3
23816,2215109_3
23833,2215109_3
23819,2215114_2
23822,2215114_2
23860,2215122_3
23850,2215122_3
23858,2215122_3
23884,2215128_2
23921,2215128_2
23905,2214159_2
23922,2214159_2
23927,2214164_2
23935,2214164_2
23957,2215175_2
23958,2215175_2
24006,2215178_2
24212,2215178_2
24017,2215179_2
24023,2215179_2
24087,2215186_9
24054,2215186_9
24098,2215190_2
24103,2215190_2
24136,2215193_2
24157,2215193_2
24167,2215198_3
24550,2215215_3
24202,2215222_3
24170,2215204_3
24208,2215219_3
24178,2215207_3
24200,2215215_3
24579,2215234_3
24241,2215220_3
24213,2215221_3
24211,2215217_3
24614,2215222_3
24231,2215227_2
24316,2215227_2
24243,2215230_5
24471,2215260_5
24514,2215271_4
24518,2215277_3
24476,2215260_5
24493,2215260_5
24499,2215260_5
24251,2215232_4
24279,2215232_4
24258,2215234_3
24261,2215234_3
24260,2215231_4
24255,2215233_2
24287,2215233_2
24298,2215237_4
24302,2215237_4
24303,2215237_4
24309,2215237_4
24327,2215240_3
24336,2215240_3
24339,2215240_3
24341,2215241_2
24349,2215241_2
24369,2215242_2
24373,2215242_2
24384,2215243_2
24385,2215243_2
24401,2215250_2
24418,2215250_2
24404,2215251_2
24409,2215251_2
24406,2215252_5
24410,2215253_5
24413,2215253_5
24427,2215256_3
24412,2215253_5
24431,2215256_3
24439,2215256_3
24440,2215254_3
24441,2215255_3
24498,2215260_5
24524,2215259_3
24484,2215264_3
24515,2215264_3
24489,2215263_3
24519,2215264_3
24537,2215278_6
24553,2215271_4
24539,2215278_6
24536,2215278_6
24555,2215277_3
24517,2215275_2
24584,2215275_2
24538,2215278_6
24520,2215278_6
24541,2215278_6
24522,2215279_4
24528,2215279_4
24526,2215279_4
24530,2215279_4
24546,2215282_3
24839,2215373_14
24854,2215386_5
24840,2215372_14
24853,2215373_14
24850,2215382_5
24835,2215373_14
24837,2215373_14
24554,2215284_2
24644,2215284_2
24604,2215292_3
24583,2215288_2
24586,2215288_2
24598,2215291_2
24679,2215291_2
24618,2215292_3
24605,2215292_3
24645,2215296_2
24653,2215296_2
24646,2215310_7
24979,2215408_4
24954,2215407_4
24974,2215303_6
24968,2215409_4
24972,2215409_4
24956,2215409_4
24950,2215310_7
24938,2215398_6
24977,2215406_5
25092,2215401_6
24942,2215402_5
24935,2215310_7
24964,2215410_3
24946,2215308_8
24731,2215312_7
24752,2215322_5
24732,2215314_7
24735,2215318_3
24761,2215324_5
25046,2215324_5
24750,2215321_5
24769,2215343_4
25105,2215323_5
24758,2215324_5
24768,2215340_4
24775,2215343_4
24774,2215343_4
24773,2215324_5
24782,2215324_5
24790,2215343_4
24785,2215337_4
24772,2215342_4
24786,2215341_4
24778,2215346_3
24941,2215366_4
24795,2215359_3
25034,2215359_3
25025,2215359_3
25089,2215358_3
24804,2215362_3
24817,2215366_4
24820,2215366_4
24819,2215366_4
24832,2215361_5
24807,2215362_3
24825,2215362_3
24809,2215364_4
24813,2215365_4
24844,2215373_14
24852,2215373_14
24866,2215374_6
25032,2215373_14
24845,2215376_5
24836,2215374_6
24847,2215373_14
24855,2215382_5
24856,2215386_5
24843,2215373_14
24851,2215373_14
24859,2215373_14
24873,2215386_5
25035,2215384_5
24865,2215386_5
24872,2215385_5
24891,2215386_5
24864,2215384_5
24858,2215388_2
25049,2215388_2
24908,2215392_4
24909,2215392_4
24910,2215392_4
24911,2215392_4
24914,2215394_2
24917,2215394_2
24925,2215395_2
24928,2215395_2
24962,2215401_6
24975,2215409_4
24955,2215400_5
24952,2215405_5
24965,2215405_5
24960,2215410_3
24966,2215405_5
24973,2215410_3
24987,2215419_3
25177,2215470_4
25158,2215470_4
24988,2215421_8
25005,2215423_6
25009,2215423_6
24991,2215423_6
24995,2215423_6
25168,2215422_5
24994,2215423_6
24989,2215421_8
25003,2215421_8
25002,2215423_6
25069,2215449_2
25080,2215449_2
25099,2215458_2
25102,2215458_2
25114,2215462_2
25151,2215462_2
25122,2215463_3
25129,2215463_3
25124,2215463_3
25139,2215470_4
25153,2215470_4
25163,2215483_4
25180,2215483_4
25178,2215483_4
25167,2215483_4
25200,2215489_3
25213,2215492_3
25208,2215492_3
25717,2215640_3
25406,2215492_3
25226,2215493_2
25229,2215493_2
25238,2215497_3
25243,2215501_5
25466,2215501_5
25246,2215501_5
25248,2215500_5
25244,2215501_5
25245,2215501_5
25259,2215515_2
25307,2215515_2
25262,2215516_2
25324,2215516_2
25280,2215526_2
25281,2215526_2
25309,2215533_2
25313,2215533_2
25311,2215554_5
25353,2215571_6
25322,2215573_6
25318,2215573_6
25317,2215561_6
25354,2215567_6
25343,2215573_6
25347,2215582_3
25316,2215568_6
25357,2215550_6
25315,2215573_6
25350,2215582_3
25625,2215572_6
25314,2215573_6
25312,2215571_6
25351,2215573_6
25339,2215582_3
25397,2215598_4
25387,2215594_2
25391,2215594_2
25390,2215595_2
25398,2215595_2
25648,2215598_4
25399,2215598_4
25642,2215598_4
25453,2215609_4
25457,2215609_4
25469,2215609_4
25456,2215609_4
25482,2215616_3
25540,2215620_3
25580,2215620_3
25485,2215618_3
25487,2215618_3
25732,2215618_3
25516,2215633_16
25492,2215620_3
25515,2215633_16
25555,2215641_3
25521,2215632_17
25520,2215633_16
25666,2215633_16
25527,2215633_16
25526,2215633_16
25535,2215633_16
25532,2215633_16
25536,2215633_16
25525,2215633_16
25533,2215632_17
25522,2215633_16
25530,2215633_16
25534,2215633_16
25529,2215633_16
25523,2215633_16
25519,2215633_16
25544,2215640_3
25550,2215638_4
25554,2215640_3
25781,2215647_3
25552,2215639_3
25565,2215644_3
25587,2215647_3
25589,2215647_3
25635,2215672_3
25637,2215672_3
25639,2215672_3
25652,2215671_4
25641,2215671_4
25646,2215671_4
25662,2215678_3
25668,2215678_3
25664,2215678_3
25669,2215681_3
25670,2215681_3
25674,2215681_3
25673,2215680_3
25718,2215705_2
25719,2215705_2
25813,2215734_2
25835,2215734_2
25822,2215735_2
25830,2215735_2
25840,2215740_2
25841,2215740_2
25898,2215762_2
26223,2215762_2
25906,2215766_5
25910,2215766_5
25909,2215766_5
25907,2215766_5
25932,2215766_5
25930,2215765_5
25927,2215773_2
25931,2215773_2
25979,2215780_2
26034,2215780_2
25994,2215784_4
26028,2215787_4
26015,2215787_4
26011,2215787_4
25997,2215785_6
26035,2215791_6
26022,2215789_6
26024,2215791_6
26023,2215791_6
26025,2215791_6
26002,2215786_4
26003,2215787_4
26029,2215791_6
26030,2215791_6
26038,2215793_5
26054,2215794_6
26039,2215795_5
26047,2215795_5
26046,2215792_7
26060,2215794_6
26041,2215795_5
26055,2215795_5
26040,2215795_5
26103,2197358_16
26432,2197354_20
26575,2197358_16
26393,2197358_16
26424,2197355_17
26425,2197358_16
26405,2197358_16
26421,2197358_16
26414,2197358_16
26419,2197354_20
26433,2197356_17
26406,2197358_16
26415,2197358_16
26392,2197358_16
26390,2197358_16
26409,2197358_16
26410,2197358_16
26413,2197354_20
26431,2197356_17
26422,2197354_20
26423,2197358_16
26397,2197358_16
26407,2197358_16
26108,2215810_5
26112,2215810_5
26118,2215810_5
26114,2215810_5
26110,2215810_5
26141,2215813_9
26148,2215813_9
26383,2215813_9
26149,2215813_9
26144,2215812_10
26143,2215813_9
26161,2215813_9
26147,2215813_9
26146,2215813_9
26152,2215812_10
26159,2215813_9
26186,2215827_2
26191,2215827_2
26324,2215991_4
26325,2215991_4
26327,2215991_4
26332,2215991_4
26357,2216001_2
26362,2216001_2
26403,2197357_18
26408,2197357_18
26391,2197357_18
26492,2216041_3
26496,2216040_3
26497,2216041_3
26503,2216041_3
26593,2216058_2
26869,2216058_2
26600,2216060_2
26626,2216060_2
26648,2216090_2
26689,2216090_2
26675,2216102_3
26678,2216102_3
26695,2216102_3
26696,2216101_3
26679,2216100_3
26746,2216112_3
26747,2216112_3
26749,2216112_3
26748,2216113_2
26757,2216113_2
26801,2216125_3
26791,2216125_3
26799,2216125_3
26817,2216131_3
27088,2216197_3
27095,2216197_3
26839,2216138_3
26840,2216139_3
26854,2216140_3
26843,2216140_3
26841,2216140_3
26873,2216148_2
26875,2216148_2
26897,2216150_2
26900,2216150_2
27053,2216181_2
27056,2216181_2
27096,2216197_3
27092,2216196_4
27081,2216194_4
27087,2216196_4
27097,2216201_4
27113,2216204_5
27102,2216204_5
27120,2216204_5
27109,2216204_5
27105,2216201_4
27104,2216204_5
27141,2216211_2
27151,2216211_2
27215,2216235_2
27230,2216235_2
27243,2216241_2
27244,2216241_2
27310,2216272_2
27330,2216272_2
27409,2216281_2
27650,2216281_2
27427,2216283_2
27432,2216283_2
27493,2216306_8
27519,2216304_17
27522,2216306_8
27524,2216305_14
27513,2216306_8
27515,2216305_14
27526,2216306_8
27534,2216305_14
27527,2216306_8
27543,2216304_17
27535,2216304_17
27514,2216305_14
27497,2216306_8
27495,2216305_14
27520,2216306_8
27525,2216305_14
27521,2216305_14
27540,2216303_15
27498,2216306_8
27516,2216305_14
27672,2216350_2
27862,2216350_2
27742,2216383_2
27745,2216383_2
27845,2216398_2
27855,2216398_2
27897,2216408_2
27909,2216408_2
27930,2216412_3
27934,2216412_3
27931,2216412_3
27959,2218020_3
27966,2218020_3
27963,2218020_3
27975,2218997_2
27976,2218997_2
28009,2215986_7
28020,2215986_7
28021,2215986_7
28019,2215986_7
28018,2215986_7
28017,2215986_7
28010,2215986_7
28068,2219020_2
28074,2219020_2
28099,2219029_3
28213,2219049_3
28243,2219028_4
28237,2219049_3
28241,2219027_3
28228,2219029_3
28136,2219036_2
28306,2219036_2
28236,2219049_3
28214,2219050_2
28254,2219050_2
28276,2219074_3
28281,2219074_3
28290,2219074_3
28326,2219084_7
28338,2219088_7
28339,2219088_7
28342,2219088_7
28340,2219088_7
28345,2219088_7
28344,2219088_7
28355,2219084_7
28341,2219083_8
28330,2219085_5
28350,2219088_7
28448,2219121_5
28453,2219136_5
28454,2219136_5
28459,2219136_5
28452,2219136_5
28458,2219136_5
28494,2219142_3
28503,2219142_3
28509,2219142_3
28525,2219151_8
28667,2219186_9
28674,2219176_10
28669,2219186_9
28670,2219186_9
28668,2219186_9
28662,2219181_4
28687,2219186_9
28672,2219185_9
28666,2219186_9
28644,2219176_10
28673,2219180_4
28647,2219178_8
28665,2219186_9
28590,2219163_4
28597,2219166_6
28594,2219165_6
28592,2219166_6
28596,2219166_6
28603,2219166_6
28595,2219166_6
28605,2219166_6
28622,2219172_2
28624,2219172_2
28675,2219186_9
28671,2219186_9
28651,2219181_4
28781,2219204_3
28774,2219204_3
28779,2219204_3
28797,2219209_3
28964,2219209_3
28963,2219209_3
28898,2219224_3
28911,2219224_3
28904,2219224_3
28953,2219239_2
28970,2219239_2
29000,2219243_6
29003,2219243_6
29007,2219244_5
29004,2219244_5
29002,2219244_5
29008,2219244_5
29017,2219244_5
29038,2219247_2
29039,2219247_2
29097,2219256_7
29118,2219266_6
29124,2219263_10
29113,2219263_10
29120,2219263_10
29129,2219263_10
29117,2219266_6
29110,2219260_6
29132,2219260_6
29112,2219260_6
29157,2219260_6
29130,2219259_6
29114,2219260_6
29123,2219260_6
29322,2219266_6
29122,2219263_10
29131,2219261_11
29116,2219263_10
29115,2219266_6
29125,2219263_10
29127,2219266_6
29126,2219266_6
29177,2219280_2
29183,2219280_2
29180,2219283_3
29220,2219283_3
29253,2219283_3
29206,2219288_7
29236,2219298_4
29235,2219298_4
29221,2219297_7
29223,2219297_7
29227,2219295_7
29230,2219297_7
29231,2219297_7
29228,2219296_7
29239,2219298_4
29222,2219298_4
29296,2219310_2
29297,2219310_2
29428,2219343_4
29447,2219343_4
29436,2219343_4
29443,2219342_4
29437,2219343_4
29490,2219361_4
29507,2219363_4
29515,2219363_4
29516,2219363_4
29509,2219363_4
29529,2219368_2
29532,2219368_2
29592,2219384_3
29593,2219384_3
29600,2219384_3
29621,2219389_5
29634,2219390_6
29636,2219390_6
29633,2219390_6
29635,2219390_6
29630,2219390_6
29632,2219390_6
29765,2199549_5
29772,2199549_5
29766,2219019_4
29769,2219019_4
29771,2219019_4
29770,2219019_4
29775,2199565_3
29937,2199565_3
29925,2199565_3
29852,2219449_2
29853,2219449_2
29926,2201138_6
29868,2219454_2
29872,2219454_2
29877,2219455_2
29886,2219455_2
29905,2201119_9
29940,2201138_6
29912,2201138_6
29911,2201138_6
29906,2201119_9
29910,2201138_6
29931,2201119_9
29928,2201138_6
29923,2201119_9
29930,2201115_3
29932,2201120_2
29950,2201120_2
30022,2201389_2
30029,2201389_2
30124,2219522_3
30117,2219521_3
30128,2219522_3
30120,2219522_3
30162,2219528_2
30170,2219528_2
30183,2219535_3
30184,2219535_3
30185,2219535_3
30199,2219543_5
30201,2219543_5
30217,2219543_5
30203,2219543_5
30209,2219543_5
30254,2219566_2
30260,2219566_2
30273,2219568_2
30275,2219568_2
30314,2219575_5
30316,2219575_5
30318,2213545_5
30325,2213545_5
30334,2219575_5
30317,2219575_5
30319,2213541_6
30324,2219575_5
30354,2219592_8
30361,2219592_8
30344,2213620_2
30346,2213620_2
30345,2219589_7
30365,2219592_8
30356,2219592_8
30364,2219592_8
30351,2219592_8
30353,2219592_8
30368,2219592_8
30422,2214139_2
30446,2214139_2
30430,2219621_2
30620,2219621_2
30442,2214171_7
30450,2214171_7
30445,2214170_7
30443,2214171_7
30453,2214171_7
30449,2214168_5
30447,2214171_7
30454,2214171_7
30451,2214169_7
30452,2214171_7
30515,2219644_2
30523,2219644_2
30559,2214564_12
30577,2214564_12
30579,2214564_12
30570,2214564_12
30571,2214564_12
30567,2214564_12
30573,2214564_12
30580,2214564_12
30566,2214564_12
30569,2214564_12
30568,2214564_12
30583,2214564_12
30581,2214562_12
30574,2214563_12
30686,2219693_2
30694,2219693_2
30792,2219726_3
30797,2219726_3
30800,2219726_3
30925,2219832_4
30951,2219847_4
30933,2219838_4
30934,2219838_4
30947,2219831_5
30997,2219847_4
30941,2219836_4
30935,2219842_4
30937,2219842_4
30958,2219847_4
30939,2219843_3
30955,2219847_4
30983,2215375_2
30989,2215375_2
31043,2219875_3
31053,2219875_3
31052,2219874_3
31045,2219875_3
31044,2219876_3
31057,2219876_3
31051,2219876_3
31107,2219892_3
31288,2219890_3
31231,2219892_3
31229,2219892_3
31298,2219890_3
31200,2219891_3
31149,2219897_3
31153,2219897_3
31154,2219897_3
31265,2219915_4
31251,2219913_3
31271,2219915_4
31263,2219915_4
31269,2219915_4
31297,2219922_2
31302,2219922_2
31311,2219924_2
31314,2219924_2
31636,2219968_3
31656,2219970_3
31887,2219969_3
31649,2219969_3
31678,2219970_3
31665,2219970_3
31657,2219972_2
31658,2219972_2
31743,2219983_2
31759,2219983_2
31808,2220011_5
31828,2220015_4
31814,2220011_5
31817,2220015_4
31822,2220015_4
31809,2220013_3
32012,2220013_3
31832,2220012_3
31815,2220013_3
31813,2220015_4
31883,2220023_2
31900,2220023_2
31913,2220027_4
32076,2220047_3
32074,2220035_5
32072,2220047_3
32066,2220026_3
32040,2220036_5
31922,2220029_2
31923,2220029_2
31986,2220031_2
32009,2220031_2
32030,2220034_2
32080,2220034_2
32086,2220047_3
32061,2220036_5
32047,2220037_4
32062,2220043_3
32065,2220044_3
32070,2220046_3
32068,2220045_3
32119,2220057_2
32131,2220057_2
32330,2220127_6
32343,2220130_6
32339,2220130_6
32346,2220130_6
32344,2220130_6
32353,2220130_6
32354,2220130_6
32482,2220148_2
32504,2220148_2
32627,2220175_5
32656,2220179_4
32660,2220175_5
32658,2220179_4
32655,2220179_4
32647,2220179_4
32767,0_3
32778,0_3
32790,0_3
32829,13_3
32842,13_3
32850,13_3
32973,23_3
32999,23_3
33017,23_3
33099,34_3
33115,34_3
33105,34_3
33141,36_4
33151,36_4
33163,36_4
33145,36_4
33166,37_2
33168,37_2
33169,38_2
33212,38_2
33449,69_3
33471,69_3
33450,69_3
33602,83_2
33651,83_2
33960,116_2
33981,116_2
34055,121_2
34297,121_2
34134,133_2
34146,133_2
34207,140_2
34229,140_2
34296,190_2
34304,190_2
34375,310_5
34436,310_5
34435,421_3
34450,310_5
34432,421_3
34402,315_2
34529,315_2
34451,421_3
34576,2197330_2
34621,2197330_2
34664,2197576_2
34665,2197576_2
34806,2199124_2
34835,2199124_2
34847,2199257_2
34872,2199257_2
34929,2199295_8
35285,2199525_4
35300,2199444_7
35273,2199292_3
35270,2199295_8
35083,2199525_4
35299,2199525_4
35250,2199798_3
35096,2199441_5
35234,2199778_3
35265,2199442_7
34945,2199308_8
35019,2199444_7
35266,2199443_5
34963,2199326_9
35113,2199444_7
35247,2199763_3
34964,2199346_7
35269,2199346_7
35260,2199345_3
35274,2199346_7
34971,2199350_2
35039,2199350_2
34995,2199393_3
35024,2199458_3
35016,2199434_2
35056,2199434_2
35203,2199443_5
35241,2199441_5
35323,2200065_3
35338,2199458_3
35320,2199458_3
35050,2199498_2
35054,2199498_2
35282,2199525_4
35099,2199544_2
35167,2199544_2
35147,2199630_2
35170,2199630_2
35219,2199763_3
35312,2200108_3
35262,2199836_3
35220,2199763_3
35268,2199798_3
35360,2200107_3
35239,2199782_2
35242,2199782_2
35243,2199791_4
35353,2200103_3
35261,2199844_6
35364,2200110_3
35333,2200078_7
35244,2199792_3
35344,2200093_7
35339,2200093_7
35275,2199798_3
35254,2199831_2
35259,2199831_2
35357,2200098_5
35350,2200099_3
35343,2200106_3
35584,2200090_7
35369,2200103_3
35348,2200110_3
35342,2200102_4
35276,2199836_3
35264,2199850_4
35347,2200102_4
35379,2200098_5
35327,2200111_3
35305,2200093_7
35307,2200093_7
35341,2200093_7
35311,2200110_3
35363,2200109_3
35453,2200109_3
35318,2200065_3
35354,2200104_3
35366,2200111_3
35640,2200111_3
35331,2200113_3
35345,2200113_3
35370,2200113_3
35376,2200091_7
35395,2200070_3
35352,2200083_4
35340,2200103_3
35386,2200085_6
35487,2200106_3
35358,2200104_3
35361,2200104_3
35356,2200833_4
35612,2200832_5
35609,2200833_4
35607,2200832_5
35608,2200833_4
35606,2200833_4
35439,2200109_3
35377,2200540_3
35380,2200540_3
35381,2200540_3
35378,2200539_3
35397,2200599_2
35400,2200599_2
35405,2200604_4
35681,2200604_4
35415,2200604_4
35419,2200604_4
35468,2200635_4
35501,2200669_5
35488,2200634_4
35684,2200746_5
35570,2200660_4
35499,2200670_5
35719,2200745_4
35528,2200797_3
35480,2200647_2
35541,2200647_2
35508,2200718_3
35491,2200657_2
35545,2200657_2
35494,2200666_4
35667,2200746_5
35503,2200679_4
35518,2200665_3
35513,2200747_3
35527,2200746_5
35529,2200797_3
35683,2200899_3
35664,2200899_3
35519,2200797_3
35504,2200740_3
35539,2200800_7
35538,2200802_4
35540,2200800_7
35556,2200800_7
35516,2200748_7
35533,2200747_3
35689,2200744_4
35543,2200802_4
35550,2200800_7
35558,2200802_4
35546,2200802_4
35555,2200800_7
35551,2200954_2
35723,2200954_2
35554,2200803_2
35595,2200803_2
35565,2200804_2
35621,2200804_2
35649,2200883_5
35616,2200839_6
35656,2200892_4
35663,2200894_3
35658,2200839_6
35657,2200890_5
35672,2200891_4
35634,2200845_3
35652,2200889_3
35822,2200883_5
35646,2200845_3
35645,2200877_3
35647,2200880_6
35759,2200888_6
35704,2200894_3
35673,2200894_3
35653,2200889_3
35820,2200887_6
35675,2200892_4
35674,2200892_4
35665,2200898_3
35707,2200899_3
