Source,Target,clique
25244,25246,True
18135,18162,True
18154,18175,True
23663,24362,True
6886,6895,True
30443,30453,True
14606,14621,True
10478,10492,True
12085,12102,True
14965,14968,True
10516,10518,True
19118,19127,True
10777,10788,True
11357,11363,True
30568,30569,True
11369,11373,True
11413,11416,True
15392,15422,True
1782,1817,True
24952,24966,True
20442,20506,True
18114,18116,True
25314,25318,True
12565,12567,True
2768,2787,True
3628,3645,True
16437,16447,True
6158,6169,True
1709,1719,True
11357,11376,True
14237,14242,True
17265,17272,True
2761,2784,True
13137,13143,True
6967,6981,True
13140,13148,True
24528,24530,True
26415,26423,True
24319,24356,True
8750,8753,True
15670,15672,True
14570,14573,True
18162,18170,True
6273,6277,True
8785,8976,True
24054,24058,True
16504,16514,True
29852,29853,True
19002,19049,True
12395,12398,True
23725,23738,True
18976,19033,True
22644,22652,True
5552,5554,True
11372,11374,True
1875,1886,True
11611,11619,True
13051,13052,True
30199,30203,True
13281,13285,True
24070,24079,True
8945,8978,True
21902,21907,True
14185,14186,True
18073,18074,True
18037,18151,True
11623,11629,True
18243,18256,True
16116,16122,True
19963,19972,True
30254,30260,True
13916,13917,True
16629,16643,True
2572,2578,True
13320,13334,True
26148,26149,True
17227,17235,True
13679,13681,True
1494,1497,True
20469,20490,True
5552,5567,True
14813,14815,True
3724,3729,True
6755,6764,True
15115,15116,True
5394,5395,True
14015,14017,True
13394,13404,True
13454,13455,True
14317,14318,True
35652,35653,True
2059,2070,True
13447,13452,True
3388,3406,True
13449,13461,True
24837,24843,True
2140,2143,True
12072,12084,True
12992,12993,True
18131,18149,True
18150,18162,True
24471,24493,True
27931,27934,True
14602,14608,True
13855,13856,True
10773,10775,True
4647,4656,True
19283,19300,True
1918,1922,True
13586,13587,True
19926,19931,True
21813,21824,True
25906,25932,True
24844,24859,True
11348,11356,True
1911,1919,True
17987,17996,True
15860,15862,True
22504,22846,True
26110,26112,True
13641,13644,True
2764,2774,True
24994,25005,True
2540,3029,True
12825,12829,True
13871,13877,True
28340,28344,True
25523,25534,True
25822,25830,True
24514,24553,True
10325,10332,True
14365,14385,True
21697,21706,True
5359,5363,True
18986,19026,True
25515,25535,True
1829,1863,True
21453,21494,True
5869,5879,True
27535,27543,True
29766,29771,True
11348,11369,True
6773,6780,True
15129,15131,True
19301,19303,True
14571,14574,True
19269,19270,True
14054,14055,True
13061,13082,True
3624,3645,True
3476,3481,True
15144,15146,True
18172,18176,True
12396,12399,True
6548,6554,True
11016,11017,True
23204,23206,True
14608,14614,True
9358,9361,True
18886,18916,True
5170,5181,True
4048,4057,True
10728,10735,True
27088,27096,True
7183,7186,True
26392,26575,True
11931,11932,True
11883,11891,True
13323,13324,True
11363,11367,True
2786,2788,True
22990,22994,True
27310,27330,True
11366,11372,True
14974,14977,True
14413,14415,True
9365,9377,True
17986,17999,True
11343,11388,True
14457,14458,True
13316,13321,True
26405,26406,True
15036,15037,True
13035,13042,True
2545,2581,True
11359,11369,True
28595,28596,True
13659,13660,True
22986,22996,True
24852,25032,True
11358,11373,True
16129,16133,True
20449,20469,True
12861,12862,True
19008,19040,True
16639,16649,True
31149,31154,True
2563,2571,True
13951,13953,True
5314,5323,True
6155,6168,True
5033,5044,True
16462,16464,True
11373,11388,True
12293,12297,True
19001,19037,True
2556,2568,True
3416,3426,True
26393,26409,True
7175,7200,True
24991,25002,True
18976,18980,True
6227,6229,True
9494,9504,True
15667,15671,True
12566,12577,True
11365,11389,True
1821,1826,True
16237,16238,True
14009,14015,True
8740,8749,True
19006,19007,True
11358,11386,True
11831,11835,True
18130,18141,True
23439,23449,True
5081,5098,True
9893,9896,True
17392,17394,True
13784,13789,True
18983,18996,True
11354,11388,True
5313,5340,True
24761,24782,True
8858,8862,True
13285,13287,True
16638,16639,True
15217,15219,True
23513,23519,True
12342,12431,True
13556,13558,True
11347,11348,True
14375,14378,True
14655,14661,True
26024,26030,True
13559,13563,True
15840,15841,True
34664,34665,True
20847,20878,True
1656,1735,True
28494,28503,True
1821,1839,True
20478,20486,True
16930,16932,True
14182,14185,True
13000,13047,True
13041,13048,True
13060,13061,True
9899,9916,True
14651,14663,True
16132,16134,True
3825,4253,True
12754,12762,True
1832,1853,True
13352,13354,True
33449,33471,True
10604,10607,True
12536,12539,True
24251,24279,True
11376,11389,True
23624,23629,True
3117,3119,True
10017,10029,True
13127,13128,True
4937,4958,True
13451,13454,True
21338,21357,True
17528,17537,True
25122,25124,True
26149,26159,True
4763,4778,True
2762,2783,True
18151,18159,True
3363,3646,True
6152,6165,True
18154,18164,True
14606,14610,True
12085,12091,True
9356,9357,True
23457,23465,True
14316,14319,True
18147,18161,True
18713,18838,True
26407,26575,True
12957,12959,True
20465,20506,True
24837,25032,True
2193,2195,True
14488,14510,True
16568,16569,True
12960,12964,True
24048,24054,True
17752,17753,True
14610,14621,True
17048,17142,True
19352,19360,True
12495,12497,True
9426,9429,True
5465,5477,True
13358,13360,True
11357,11365,True
8900,9090,True
26103,26406,True
14476,14513,True
29112,29157,True
18146,18178,True
30568,30571,True
17239,17245,True
13351,13357,True
7540,7542,True
2511,2517,True
2772,2787,True
12852,12855,True
28068,28074,True
20785,20874,True
18111,18113,True
1713,1719,True
13082,13088,True
17235,17247,True
21727,22067,True
13381,13384,True
2765,2784,True
28342,28350,True
12565,12569,True
12567,12578,True
15378,15381,True
25114,25151,True
19266,19269,True
16238,16239,True
14237,14244,True
2761,2786,True
13717,13720,True
13137,13145,True
18689,18699,True
31665,31678,True
13720,13725,True
2672,2677,True
19259,19266,True
21540,21544,True
12903,12914,True
18980,19033,True
22652,22653,True
1782,1832,True
10183,10185,True
18037,18140,True
13756,13769,True
1826,1838,True
35331,35345,True
32344,32353,True
29123,29157,True
13258,13263,True
13557,13559,True
16068,16070,True
7191,7199,True
35405,35681,True
12469,12470,True
19010,19033,True
5552,5556,True
12733,12745,True
11372,11376,True
10811,10814,True
25280,25281,True
6903,6917,True
28592,28595,True
20462,20476,True
1937,1948,True
1656,1669,True
26414,26415,True
13044,13051,True
13324,13334,True
24055,24446,True
9776,9780,True
25487,25732,True
13320,13336,True
9879,9908,True
26409,26421,True
14240,14245,True
12072,12073,True
24427,24439,True
9491,9503,True
18150,18151,True
14813,14817,True
2883,2886,True
11611,11634,True
10924,10933,True
18143,18148,True
2586,2599,True
14015,14019,True
5378,5389,True
2085,2088,True
14317,14320,True
20464,20498,True
14528,14540,True
4640,4642,True
12079,12089,True
23467,23471,True
35415,35419,True
14609,14613,True
11861,11866,True
14653,14656,True
1711,1739,True
12992,12995,True
18131,18151,True
6261,6271,True
13855,13858,True
19930,19931,True
25910,25932,True
9897,9911,True
11356,11357,True
11594,11643,True
25456,25469,True
29124,29125,True
25516,25520,True
21674,21748,True
13586,13589,True
21183,21659,True
1681,1688,True
26325,26332,True
11348,11358,True
3332,3341,True
2919,2943,True
17820,17821,True
20476,20979,True
26110,26114,True
26390,26397,True
3624,3634,True
17532,17539,True
26040,26055,True
25523,25536,True
2886,2887,True
14320,14321,True
18126,18170,True
30566,30580,True
11348,11371,True
28458,28459,True
16407,16504,True
5071,5083,True
17047,17130,True
16159,16173,True
14612,14614,True
29592,29593,True
30559,30577,True
26390,26410,True
24843,24851,True
13061,13084,True
11605,11643,True
30983,30989,True
24854,24865,True
13829,13831,True
18148,18171,True
11370,11372,True
18570,18574,True
11354,11364,True
10276,10283,True
13323,13326,True
11363,11369,True
14183,14184,True
11602,11614,True
22990,22996,True
19382,19391,True
5026,5030,True
11366,11374,True
7213,7215,True
13316,13323,True
12569,12571,True
7187,7199,True
13035,13044,True
30577,30580,True
31043,31053,True
16126,16130,True
13142,13143,True
7829,7834,True
12861,12864,True
15032,15041,True
2563,2573,True
10362,10363,True
16982,16990,True
33099,33105,True
12293,12299,True
14574,14577,True
24522,24526,True
14013,14015,True
13452,13453,True
1935,1957,True
14016,14020,True
18994,18999,True
12566,12579,True
14586,14587,True
6957,6979,True
1620,1838,True
5668,5678,True
14009,14017,True
13000,13036,True
30356,30365,True
11358,11388,True
12070,12082,True
12990,12991,True
5081,5100,True
17691,17692,True
9895,9907,True
9482,9509,True
12082,12092,True
4944,4987,True
16638,16641,True
22653,22663,True
9904,9912,True
10836,10875,True
2127,2140,True
3028,3036,True
15796,15800,True
9907,9917,True
14375,14380,True
14655,14663,True
29115,29118,True
8870,8874,True
16930,16934,True
13322,13329,True
1972,1973,True
13920,13921,True
19119,19128,True
16992,16994,True
12543,12544,True
2762,2772,True
9382,9399,True
35539,35540,True
23631,23634,True
27409,27650,True
3363,3635,True
27522,27527,True
30314,30317,True
29113,29129,True
12536,12541,True
14817,14819,True
11615,11636,True
23624,23631,True
12835,12837,True
13676,13682,True
16446,16447,True
17454,17469,True
18147,18150,True
27515,27524,True
33602,33651,True
6148,6156,True
11589,11620,True
12081,12082,True
14488,14499,True
28904,28911,True
13987,13988,True
4490,4500,True
18140,18147,True
18159,18160,True
28667,28675,True
9282,9289,True
5674,5684,True
17528,17539,True
12373,12375,True
26149,26161,True
10072,10088,True
16825,16830,True
23461,23465,True
18151,18161,True
3817,3855,True
14606,14612,True
2761,2762,True
23457,23467,True
14615,14617,True
20733,20848,True
35405,35415,True
15179,15184,True
14378,14381,True
12957,12961,True
5801,5802,True
18140,18160,True
13583,13588,True
13063,13064,True
2126,2143,True
1864,1877,True
8632,8668,True
2784,2786,True
27141,27151,True
11364,11370,True
23631,23889,True
5667,5694,True
12454,12461,True
1778,1810,True
2777,2783,True
5597,5598,True
21379,21494,True
25587,25589,True
11357,11367,True
26406,26409,True
35254,35259,True
3640,3646,True
20277,20285,True
11700,11706,True
24956,24968,True
30568,30573,True
25520,25535,True
5029,5033,True
13949,13951,True
13993,13994,True
16444,16454,True
18111,18115,True
6165,6176,True
2765,2786,True
4038,4042,True
25314,25322,True
29221,29223,True
12864,12867,True
16437,16451,True
30361,30364,True
4674,4697,True
18176,18180,True
11187,11198,True
25532,25666,True
13137,13147,True
2760,2792,True
13720,13727,True
14060,14061,True
1742,1762,True
12903,12916,True
13262,13263,True
18983,19040,True
1826,1840,True
18243,18247,True
26023,26024,True
29911,29912,True
4057,4068,True
9366,9376,True
13258,13265,True
13557,13561,True
5068,5095,True
11597,11604,True
2516,3226,True
16629,16634,True
13320,13325,True
6051,6060,True
9351,9512,True
18500,18519,True
17457,17459,True
11340,11389,True
28009,28017,True
11611,11623,True
11375,11383,True
28592,28597,True
26143,26146,True
18574,18589,True
11604,11620,True
14484,14486,True
13324,13336,True
27513,27520,True
19664,19680,True
1700,1714,True
11367,11384,True
7179,7204,True
12867,12868,True
14247,14250,True
23634,23637,True
28666,28667,True
23618,23629,True
13730,13731,True
9907,9972,True
26409,26423,True
24988,25003,True
12072,12075,True
30316,30324,True
18131,18140,True
29906,29931,True
13461,13462,True
29222,29235,True
12645,12647,True
12084,12085,True
18143,18150,True
18110,18202,True
17396,17398,True
35019,35300,True
2567,2588,True
23452,23458,True
26143,26159,True
25642,25648,True
23455,23463,True
1936,1967,True
8749,8760,True
13239,13241,True
35311,35364,True
1663,1808,True
13560,13562,True
1630,1631,True
4620,4665,True
9888,9972,True
24837,24847,True
2140,2147,True
12992,12997,True
13231,13242,True
7666,7685,True
25523,25525,True
4285,4308,True
5558,5564,True
16086,16088,True
10773,10779,True
19353,19363,True
20774,20783,True
1855,1870,True
24873,24891,True
12083,12102,True
12496,12500,True
20276,20277,True
23240,23817,True
11594,11645,True
17975,17990,True
25516,25522,True
13627,13629,True
18126,18159,True
3288,3300,True
30566,30569,True
3351,3356,True
13692,13694,True
30559,30566,True
18596,18724,True
17233,17245,True
24994,25009,True
19920,19982,True
18153,18154,True
17532,17541,True
24493,24498,True
35540,35550,True
3387,3400,True
13057,13075,True
12370,12374,True
18149,18156,True
9247,9255,True
27516,27534,True
8864,8965,True
1574,1577,True
23426,23431,True
24847,24851,True
6773,6784,True
14269,14277,True
23470,23474,True
12961,12963,True
20383,21032,True
18160,18170,True
30559,30579,True
19023,19033,True
30452,30453,True
24843,24853,True
11605,11645,True
3299,3300,True
6327,6330,True
33151,33163,True
30183,30184,True
12178,12180,True
16337,16339,True
22730,22738,True
11588,11597,True
16340,16344,True
2264,2266,True
18791,18804,True
20458,20694,True
11370,11374,True
8729,8753,True
11354,11366,True
28010,28018,True
18141,18170,True
3637,3645,True
2556,2559,True
9863,9887,True
11363,11371,True
14183,14186,True
5026,5032,True
11366,11376,True
16634,16646,True
12569,12573,True
26405,26410,True
15036,15041,True
12868,12869,True
13035,13046,True
11727,11732,True
1877,1897,True
13098,13102,True
13142,13145,True
9593,9595,True
2563,2575,True
30569,30583,True
24059,24087,True
17930,17963,True
24522,24528,True
23734,23738,True
14013,14017,True
24761,24773,True
2556,2572,True
30354,30365,True
35113,35300,True
17945,17948,True
7175,7204,True
11602,11629,True
9888,9893,True
14009,14019,True
13995,14084,True
14069,14070,True
13000,13038,True
8740,8753,True
2551,2578,True
32656,32658,True
12990,12993,True
1731,1792,True
11553,11565,True
2563,2588,True
9911,9917,True
15224,15226,True
18639,18665,True
14663,14664,True
3486,3502,True
30203,30209,True
17454,17458,True
1663,1742,True
13326,13329,True
16638,16643,True
17737,17746,True
2127,2142,True
9888,9906,True
17217,17222,True
13329,13334,True
18975,19001,True
1656,1739,True
21259,21284,True
18310,18318,True
13322,13331,True
14182,14189,True
13041,13052,True
13901,13910,True
23228,23246,True
12540,12541,True
13403,13404,True
20987,21535,True
23631,23636,True
13352,13358,True
19875,20281,True
15116,15117,True
17047,17053,True
12941,12942,True
30344,30346,True
18140,18149,True
14847,14848,True
18159,18162,True
13470,13471,True
13731,13741,True
14610,14612,True
12373,12377,True
13233,13235,True
23461,23467,True
11251,11253,True
12092,12098,True
14603,14609,True
18154,18168,True
2418,2425,True
14606,14614,True
14905,14910,True
10497,10498,True
24853,24859,True
1834,1879,True
26103,26397,True
6759,6783,True
18988,19010,True
13820,13826,True
1931,1933,True
24048,24058,True
12739,12740,True
6103,6105,True
25532,25534,True
11941,11942,True
2784,2788,True
11364,11372,True
28622,28624,True
3234,3253,True
11855,11875,True
18995,19026,True
13355,13359,True
1838,1863,True
2834,3548,True
4138,4154,True
6158,6162,True
10478,10498,True
11357,11369,True
13638,13647,True
2761,2777,True
26103,26410,True
18988,19023,True
13140,13141,True
19006,19040,True
13949,13953,True
25318,25322,True
12572,12576,True
20439,20470,True
26392,26405,True
18037,18131,True
15382,15383,True
6893,6917,True
25536,25666,True
18114,18122,True
2765,2788,True
6165,6178,True
12678,12679,True
35674,35675,True
11017,11018,True
22644,22645,True
20435,20472,True
6999,7020,True
19266,19273,True
24298,24303,True
30955,30997,True
24319,24362,True
13262,13265,True
12745,12746,True
24520,24537,True
8015,8017,True
1826,1842,True
11367,11373,True
13557,13563,True
14458,14459,True
18976,19039,True
19017,19040,True
24645,24653,True
20457,20473,True
20476,20486,True
12759,12765,True
28596,28597,True
15551,15555,True
3381,3383,True
12733,12749,True
17781,17787,True
18987,19053,True
12752,12762,True
28009,28019,True
2955,2982,True
13675,13676,True
5614,5620,True
26143,26148,True
11374,11389,True
13394,13397,True
7546,7552,True
18906,19064,True
9911,9972,True
24526,24530,True
27513,27522,True
31107,31229,True
14528,14531,True
11367,11386,True
18973,19010,True
23618,23631,True
28666,28669,True
11748,11751,True
13213,13214,True
26409,26425,True
12371,12373,True
26147,26159,True
23459,23463,True
13461,13464,True
15673,15679,True
12083,12091,True
26143,26161,True
5378,5393,True
4624,4665,True
11610,11615,True
13236,13238,True
24844,24852,True
11348,11349,True
31297,31302,True
8376,8665,True
17451,17457,True
14653,14660,True
19121,19123,True
27742,27745,True
10824,10827,True
1581,1633,True
25523,25527,True
6998,6999,True
29180,29253,True
1688,1695,True
12496,12502,True
5340,5343,True
29905,29923,True
28797,28963,True
21347,21357,True
18126,18161,True
26675,26678,True
14490,14494,True
35554,35595,True
30566,30571,True
11348,11362,True
7547,7591,True
4772,4778,True
13393,13400,True
17820,17825,True
3111,3117,True
13692,13696,True
14659,14680,True
28669,28670,True
4642,4668,True
30559,30568,True
26110,26118,True
11605,11634,True
15125,15126,True
28340,28350,True
18843,18862,True
4373,4399,True
5126,5131,True
1586,1926,True
24854,24856,True
12370,12376,True
4490,4920,True
6219,6227,True
14040,14042,True
13759,13763,True
18019,18048,True
14039,14046,True
24847,24853,True
2434,2437,True
18141,18159,True
26390,26414,True
11602,11605,True
13061,13088,True
16335,16339,True
14674,14678,True
20472,20473,True
17705,17713,True
24965,24966,True
16347,16349,True
11359,11362,True
19526,19548,True
6890,6903,True
28339,28340,True
18577,18581,True
20366,20922,True
13589,13594,True
16639,16642,True
24864,25035,True
11370,11376,True
15822,15831,True
28010,28020,True
13585,13596,True
35550,35556,True
12576,12578,True
15604,15608,True
21963,21965,True
24991,24995,True
12566,12570,True
13426,13428,True
7556,7558,True
1620,1829,True
25485,25732,True
12569,12575,True
9348,9379,True
35546,35558,True
13035,13048,True
20455,20482,True
29436,29447,True
11598,11620,True
6890,6916,True
1861,1891,True
6062,6239,True
3149,3196,True
11342,11371,True
5941,5949,True
12861,12868,True
35024,35338,True
18989,19033,True
2758,2816,True
29132,29157,True
9482,9500,True
3486,3491,True
14013,14019,True
12592,12599,True
2556,2574,True
22073,22079,True
22505,22527,True
26393,26415,True
17945,17950,True
9888,9895,True
17948,17955,True
6059,6062,True
1656,1728,True
32647,32655,True
24044,24087,True
14651,14656,True
2762,2763,True
12070,12086,True
11342,11384,True
12990,12995,True
12754,12755,True
3833,3841,True
16642,16643,True
13853,13858,True
27109,27120,True
29113,29120,True
9895,9911,True
11114,11116,True
13326,13331,True
29122,29125,True
14186,14189,True
17737,17748,True
2968,2989,True
13329,13336,True
15796,15804,True
16637,16649,True
3031,3045,True
16120,16130,True
17746,17753,True
28494,28509,True
24498,24499,True
10309,10315,True
28670,28671,True
17528,17530,True
12313,12315,True
12540,12543,True
13400,13401,True
4763,4771,True
16992,16998,True
12543,12548,True
2762,2776,True
14263,14264,True
2806,2819,True
6152,6158,True
26422,26432,True
15397,15398,True
7916,7917,True
2887,2892,True
3677,3691,True
14318,14321,True
25646,25652,True
21105,21879,True
12081,12086,True
9500,9516,True
1811,1857,True
9887,9925,True
14847,14850,True
18140,18151,True
6550,6554,True
13470,13473,True
14891,14893,True
2216,2845,True
14610,14614,True
6761,6774,True
13514,13516,True
12073,12087,True
24041,24044,True
4936,4941,True
11603,11643,True
19352,19353,True
12955,12963,True
1558,1569,True
20495,20499,True
22647,22663,True
10571,10678,True
11357,11358,True
10777,10783,True
3895,3927,True
6756,6780,True
35405,35419,True
25520,25526,True
17242,17243,True
35656,35674,True
5583,5812,True
25532,25536,True
2126,2147,True
17235,17240,True
9625,9645,True
2765,2777,True
11364,11374,True
15016,15022,True
18135,18170,True
13355,13361,True
20435,20461,True
11187,11189,True
5298,5306,True
26403,26408,True
2890,2893,True
11357,11371,True
13698,13700,True
13137,13138,True
26746,26747,True
5940,5941,True
28898,28911,True
21199,21796,True
13140,13143,True
24956,24972,True
30568,30577,True
11245,11251,True
26405,26575,True
1867,1869,True
1826,1831,True
17083,17088,True
32344,32346,True
4618,4621,True
24302,24303,True
30361,30368,True
22644,22647,True
31265,31269,True
14067,14068,True
13786,13789,True
34296,34304,True
13830,13832,True
20469,20472,True
24061,24069,True
15720,15730,True
11611,11614,True
6062,6065,True
13561,13563,True
18980,19039,True
18243,18251,True
16935,16937,True
11386,11388,True
21535,21556,True
11877,11891,True
16629,16638,True
2572,2573,True
13320,13329,True
26409,26414,True
6690,6694,True
35307,35344,True
16710,16711,True
19010,19039,True
10020,10025,True
23629,23634,True
2004,2008,True
28009,28021,True
10363,10364,True
6755,6759,True
14815,14819,True
13394,13399,True
17046,17047,True
7545,7558,True
1656,1675,True
31107,31231,True
9867,9904,True
11367,11388,True
12079,12082,True
14871,14872,True
5370,5383,True
29507,29516,True
13730,13735,True
14029,14031,True
17227,17243,True
20277,20786,True
9343,9345,True
26147,26161,True
12371,12375,True
13275,13276,True
5385,5398,True
11614,11615,True
29222,29239,True
19353,19354,True
9916,9917,True
25453,25457,True
18170,18257,True
9915,9921,True
20443,20445,True
11594,11636,True
18126,18150,True
12190,12192,True
30453,30454,True
17987,17991,True
5238,5240,True
10812,10819,True
17451,17459,True
14029,14044,True
25530,25532,True
17980,17988,True
3624,3627,True
8656,8657,True
29912,29928,True
23629,23889,True
25523,25529,True
13397,13400,True
12836,12838,True
16447,16448,True
27516,27525,True
25515,25530,True
26114,26118,True
2109,2141,True
20785,20801,True
30566,30573,True
11348,11364,True
22137,22158,True
29769,29771,True
13393,13402,True
3111,3119,True
13692,13698,True
18160,18161,True
30559,30570,True
24843,24844,True
15941,15943,True
12374,12376,True
11605,11636,True
15125,15128,True
26103,26575,True
11343,11370,True
4373,4630,True
18175,18176,True
16155,16168,True
13766,13768,True
13230,13236,True
18149,18160,True
25530,25666,True
6219,6229,True
5513,5515,True
18019,18050,True
18227,18228,True
27519,27543,True
1873,1877,True
16569,16572,True
24910,24911,True
13541,13542,True
19301,19311,True
18141,18161,True
13260,13263,True
1742,1808,True
16335,16341,True
11366,11367,True
16634,16637,True
1865,1878,True
2788,2792,True
18883,18919,True
2545,2576,True
11377,11381,True
10797,10806,True
28339,28342,True
18709,18739,True
20539,20586,True
25840,25841,True
6155,6163,True
5033,5039,True
11354,11370,True
12813,12816,True
12573,12575,True
2556,2563,True
13584,13602,True
16189,16300,True
21383,21392,True
21369,21494,True
7178,7200,True
18115,18121,True
19560,19669,True
12566,12572,True
13146,13147,True
11365,11384,True
1620,1831,True
12569,12577,True
14009,14010,True
26405,26414,True
10927,10929,True
24536,24538,True
24646,24935,True
6890,6918,True
16239,16242,True
26407,26423,True
11342,11373,True
12562,12574,True
14002,14007,True
22342,22350,True
8752,8754,True
9593,9599,True
7551,7566,True
9436,9615,True
29000,29003,True
6155,6176,True
32072,32076,True
5354,5373,True
30351,30364,True
5392,5399,True
17394,17398,True
18130,18257,True
9904,9905,True
1594,1670,True
9888,9897,True
14356,14360,True
3119,3147,True
14655,14656,True
26024,26025,True
13278,13279,True
16306,16309,True
13558,13562,True
11349,11389,True
28774,28781,True
13000,13042,True
13041,13043,True
9899,9911,True
19119,19121,True
7211,7215,True
14131,14134,True
17959,17971,True
11342,11386,True
2762,2765,True
12990,12997,True
17742,17744,True
17962,17976,True
2393,2410,True
29113,29122,True
11376,11384,True
11615,11629,True
17454,17462,True
2537,2539,True
13906,13908,True
9916,9972,True
17945,17965,True
15796,15806,True
14488,14492,True
13108,13110,True
12547,12548,True
18310,18322,True
28667,28668,True
6761,6763,True
17528,17532,True
14821,14823,True
13400,13403,True
17943,17976,True
5667,5674,True
13509,13511,True
13695,13701,True
14453,14548,True
20774,20842,True
2757,2784,True
9897,9972,True
18147,18156,True
21906,21930,True
12938,12941,True
27514,27534,True
18583,18723,True
11589,11626,True
13284,13285,True
20442,20490,True
30450,30453,True
23461,23471,True
11603,11645,True
5667,5687,True
14603,14613,True
6914,6954,True
24384,24385,True
18135,18159,True
18995,19017,True
18154,18172,True
30443,30450,True
10478,10489,True
19118,19124,True
23586,23587,True
2761,2768,True
35345,35370,True
17740,17751,True
13351,13352,True
27495,27534,True
6279,6564,True
20449,20506,True
10833,10838,True
18139,18170,True
2942,2964,True
13583,13594,True
16444,16447,True
13082,13083,True
5866,5873,True
17235,17242,True
6165,6169,True
12073,12102,True
25314,25315,True
2784,2792,True
28342,28345,True
11364,11376,True
2768,2784,True
16437,16444,True
16156,16165,True
13147,13148,True
12567,12573,True
20486,20694,True
16219,16221,True
14237,14239,True
26406,26415,True
13137,13140,True
26746,26749,True
18169,18170,True
13140,13145,True
30568,30579,True
24852,24853,True
30567,30583,True
1745,1760,True
19261,19270,True
11245,11253,True
23474,23480,True
33169,33212,True
18037,18135,True
12915,12919,True
13214,13215,True
28452,28459,True
23442,23447,True
18973,18988,True
8376,8401,True
31265,31271,True
14067,14070,True
14350,14358,True
13830,13834,True
32339,32354,True
35219,35220,True
12752,12753,True
28009,28010,True
16643,16646,True
18574,18582,True
9051,9105,True
13044,13046,True
33141,33163,True
13324,13329,True
9779,9780,True
10308,10309,True
2572,2575,True
13320,13331,True
17227,17232,True
30316,30317,True
12862,12867,True
23629,23636,True
18968,19044,True
24401,24418,True
11611,11629,True
35341,35344,True
5334,5341,True
21773,22261,True
13394,13401,True
23455,23456,True
15114,15117,True
2929,2933,True
27513,27526,True
14597,14598,True
8749,8753,True
18996,18998,True
19260,19273,True
18998,19007,True
20457,20490,True
14010,14020,True
14889,14891,True
10071,10315,True
13512,13514,True
9384,9385,True
12371,12377,True
32767,32790,True
29632,29634,True
13275,13278,True
9897,9906,True
13804,13807,True
8816,8820,True
24598,24679,True
17396,17404,True
23814,23816,True
3849,3855,True
11610,11619,True
12190,12194,True
2128,2143,True
26325,26327,True
15000,15001,True
18149,18257,True
25530,25534,True
26390,26392,True
5171,5188,True
20440,20499,True
30209,30217,True
24994,25002,True
12544,12547,True
25522,25535,True
30422,30446,True
10325,10329,True
13397,13402,True
13696,13698,True
9247,9248,True
17975,17996,True
25515,25532,True
23927,23935,True
11348,11366,True
29117,29322,True
14269,14270,True
32778,32790,True
16509,16510,True
13393,13404,True
18141,18150,True
13692,13700,True
29529,29532,True
14851,14854,True
26390,26405,True
2893,2898,True
5556,5766,True
19832,20104,True
17406,17408,True
15125,15130,True
11343,11372,True
8435,8444,True
14608,14611,True
18974,19026,True
27095,27096,True
24835,24847,True
30447,30452,True
13230,13238,True
5998,6003,True
13759,13767,True
24055,24362,True
11354,11359,True
17974,17986,True
13260,13265,True
19004,19026,True
31813,31828,True
15931,15994,True
11303,11313,True
11363,11364,True
19023,19039,True
11366,11369,True
16634,16639,True
25515,25666,True
24859,25032,True
24968,24975,True
24854,24873,True
11358,11370,True
17531,17537,True
16129,16130,True
28339,28344,True
15032,15036,True
15873,15881,True
2563,2568,True
12731,12749,True
19871,19900,True
6155,6165,True
26419,26422,True
1733,1818,True
35147,35170,True
11354,11372,True
17974,17999,True
30351,30353,True
12573,12577,True
26393,26406,True
18616,18634,True
11365,11386,True
1735,1783,True
12569,12579,True
12008,12017,True
24817,24819,True
18996,19040,True
1839,1840,True
6739,6751,True
6159,6176,True
2551,2571,True
26407,26425,True
18966,19053,True
13784,13786,True
6155,6178,True
17952,17957,True
4047,4057,True
9482,9504,True
5357,5380,True
1663,1735,True
19026,19040,True
18984,19043,True
9888,9899,True
4058,4071,True
5498,5504,True
13839,13843,True
11091,11096,True
20478,20483,True
13322,13324,True
25226,25229,True
13000,13044,True
13041,13045,True
2491,2533,True
3024,3033,True
12199,12204,True
19119,19123,True
12524,12526,True
14651,14660,True
11342,11388,True
9681,9690,True
7532,7568,True
14193,14196,True
13632,13634,True
29113,29124,True
11376,11386,True
12816,12819,True
13326,13335,True
17737,17752,True
13108,13112,True
13391,13400,True
28667,28670,True
24539,24541,True
28651,28662,True
6761,6765,True
28670,28675,True
14821,14825,True
11603,11634,True
18151,18156,True
29110,29132,True
24844,25032,True
13509,13513,True
18144,18153,True
26103,26390,True
12368,12376,True
20774,20844,True
2757,2786,True
3677,3695,True
6538,6548,True
12938,12943,True
14617,14621,True
3267,3302,True
12960,12961,True
14661,14664,True
14847,14854,True
14100,14102,True
31809,31815,True
24908,24909,True
13284,13287,True
4363,4373,True
18139,18159,True
6005,6206,True
2765,2768,True
12073,12091,True
11364,11365,True
18151,18169,True
8874,8950,True
25244,25245,True
12454,12456,True
18135,18161,True
30443,30452,True
29116,29125,True
14965,14967,True
11357,11362,True
6756,6784,True
20425,20444,True
29925,29937,True
13587,13594,True
13351,13354,True
25520,25530,True
17242,17247,True
6881,6900,True
22114,22288,True
2772,2784,True
24952,24965,True
20439,20463,True
15883,15887,True
17235,17244,True
18114,18115,True
3345,3356,True
26410,26415,True
2768,2786,True
14851,14922,True
16437,16446,True
20435,20465,True
12567,12575,True
11187,11193,True
6158,6168,True
12910,12914,True
21156,21659,True
13137,13142,True
19002,19156,True
18109,18121,True
32339,32343,True
2760,2787,True
13140,13147,True
2672,2674,True
2763,2792,True
8750,8752,True
25387,25391,True
12903,12911,True
17900,17903,True
14354,14358,True
22134,22135,True
13258,13260,True
32343,32354,True
6876,6919,True
18966,18987,True
28019,28020,True
22451,22458,True
11340,11384,True
16300,16309,True
12752,12755,True
13331,13334,True
18574,18584,True
17213,17215,True
10016,10018,True
13044,13048,True
13324,13331,True
21264,21326,True
14184,14189,True
1867,1886,True
5090,5091,True
23618,23624,True
3108,3109,True
24865,24891,True
1607,1666,True
7541,7551,True
23232,23817,True
12740,12758,True
23677,23679,True
18975,19049,True
28596,28603,True
14240,14242,True
13679,13680,True
10964,11110,True
18131,18135,True
12862,12869,True
8756,8758,True
12083,12084,True
14015,14016,True
13394,13403,True
29004,29007,True
13497,13501,True
9867,9908,True
26397,26421,True
12079,12086,True
19039,19047,True
28779,28781,True
14889,14893,True
2140,2142,True
12072,12083,True
13512,13516,True
11225,11393,True
2143,2147,True
15793,15794,True
10291,10320,True
13231,13237,True
18131,18148,True
6762,6779,True
6075,6078,True
25243,25466,True
13989,14084,True
29632,29636,True
10773,10774,True
11614,11619,True
16646,16649,True
10776,10779,True
21284,21294,True
7227,7229,True
17975,17985,True
3269,3282,True
11629,11634,True
18296,18336,True
21953,22328,True
17240,17243,True
15860,15861,True
26047,26055,True
14483,14484,True
25530,25536,True
13641,13643,True
1678,1801,True
26648,26689,True
12825,12828,True
2483,2494,True
17532,17536,True
3387,3395,True
17015,17017,True
1817,1852,True
19526,19528,True
9509,9516,True
10369,10374,True
13397,13404,True
18149,18151,True
13696,13700,True
16447,16452,True
35491,35545,True
25515,25534,True
30566,30577,True
5613,5629,True
13481,13482,True
15129,15130,True
19301,19302,True
14571,14573,True
14851,14856,True
13471,13474,True
31813,31817,True
26390,26407,True
8725,8737,True
13234,13238,True
15125,15132,True
4036,4046,True
13817,13818,True
12396,12398,True
11343,11374,True
1861,1871,True
4048,4056,True
30447,30454,True
19008,19026,True
31817,31828,True
24847,24859,True
8729,8748,True
19931,19940,True
16342,16348,True
17990,17996,True
11373,11374,True
16407,16514,True
11363,11366,True
24972,24975,True
11602,11611,True
11366,11371,True
16634,16641,True
17986,17998,True
21208,21796,True
22737,22749,True
13035,13041,True
15316,15319,True
6159,6165,True
28276,28290,True
26108,26118,True
11358,11372,True
17531,17539,True
11377,11385,True
17978,17999,True
11342,11364,True
1580,1605,True
14241,14243,True
35305,35344,True
15873,15883,True
7551,7557,True
31149,31153,True
26414,26575,True
11354,11374,True
12573,12579,True
2556,2567,True
14016,14017,True
15667,15670,True
19013,19275,True
12566,12576,True
11365,11388,True
18978,18988,True
20175,20700,True
14009,14014,True
15841,15971,True
18196,18198,True
8740,8748,True
1839,1842,True
6159,6178,True
2551,2573,True
2403,2409,True
16239,16246,True
12070,12079,True
18989,19039,True
27109,27113,True
6583,6590,True
17952,17959,True
21544,21556,True
30351,30368,True
25322,25343,True
5505,5509,True
8858,8861,True
22073,22085,True
2127,2137,True
10201,10361,True
15796,15797,True
14655,14660,True
26024,26029,True
14980,14982,True
5498,5506,True
5350,5379,True
11091,11098,True
13322,13326,True
14182,14184,True
5261,5270,True
13041,13047,True
12070,12092,True
6694,6700,True
14474,14477,True
13352,13353,True
10604,10606,True
9895,9917,True
11376,11388,True
11596,11620,True
5261,5391,True
13676,13679,True
27515,27521,True
12538,12547,True
17047,17048,True
14488,14496,True
8640,8651,True
9500,9509,True
13391,13402,True
13731,13736,True
13170,13174,True
2126,2127,True
13734,13741,True
11603,11636,True
26492,26497,True
12955,12956,True
18135,18150,True
24774,24790,True
14366,14368,True
6756,6773,True
13509,13515,True
26103,26392,True
1799,1853,True
9507,9525,True
9875,9921,True
18147,18160,True
2757,2788,True
5222,5412,True
6538,6550,True
27495,27525,True
10729,10735,True
2599,2616,True
13820,13821,True
24908,24911,True
18139,18161,True
5674,5694,True
2126,2140,True
22439,22747,True
11364,11367,True
2787,2788,True
18151,18171,True
9407,9415,True
12495,12496,True
18154,18176,True
13919,13921,True
25527,25535,True
11357,11364,True
19118,19128,True
13638,13642,True
2761,2772,True
26103,26405,True
17230,17239,True
18109,18110,True
28898,28904,True
9919,9940,True
17740,17755,True
25520,25532,True
30568,30570,True
16451,16454,True
18130,18169,True
1745,1751,True
2772,2786,True
12852,12854,True
16444,16451,True
35268,35275,True
12571,12575,True
18037,18126,True
19002,19037,True
13582,13602,True
2765,2783,True
4095,4573,True
7176,7200,True
2768,2788,True
15126,15129,True
18113,18121,True
16437,16448,True
4075,4106,True
12567,12577,True
13468,13473,True
19266,19268,True
12910,12916,True
11340,11373,True
15720,15723,True
8750,8754,True
12963,12964,True
4026,4042,True
13542,13543,True
4363,4630,True
11245,11257,True
24054,24059,True
24914,24917,True
18037,18139,True
18164,18180,True
5396,5416,True
18243,18244,True
1867,1875,True
15495,15497,True
6319,6330,True
24302,24309,True
34929,35270,True
13557,13558,True
22644,22653,True
11347,11389,True
13320,13322,True
12759,12760,True
10964,11099,True
2162,2173,True
6050,6061,True
22451,22460,True
24058,24070,True
24517,24584,True
11340,11386,True
18581,18589,True
13331,13336,True
6903,6916,True
1874,1891,True
11374,11384,True
3938,3942,True
1642,1733,True
12297,12298,True
9776,9779,True
35311,35348,True
1704,1830,True
29507,29509,True
12570,12578,True
14010,14011,True
3388,3394,True
13320,13335,True
14240,14244,True
15100,15102,True
13679,13682,True
2817,3578,True
11835,11836,True
24041,24079,True
1943,1967,True
2646,2649,True
11594,11629,True
32482,32504,True
18126,18143,True
14317,14319,True
1829,1838,True
9895,9972,True
13497,13503,True
24844,24847,True
26397,26423,True
10119,10131,True
20700,20710,True
9542,9561,True
7541,7566,True
13449,13462,True
22010,22033,True
13282,13285,True
20482,20487,True
15793,15796,True
17980,17981,True
12992,12994,True
4255,4655,True
14652,14659,True
13231,13239,True
26040,26041,True
35348,35364,True
18244,18256,True
13855,13857,True
19123,19127,True
11554,11570,True
8025,8029,True
19353,19360,True
13038,13046,True
7429,7446,True
12496,12497,True
17975,17987,True
13586,13588,True
18126,18156,True
25515,25523,True
11610,11623,True
2128,2147,True
11348,11357,True
14209,14210,True
10601,10605,True
17451,17465,True
14483,14486,True
1973,1980,True
11605,11629,True
6765,6769,True
12071,12102,True
19832,19866,True
28340,28345,True
11343,11363,True
16952,16963,True
16716,16723,True
20783,20842,True
11614,11634,True
15074,15075,True
18974,19017,True
7448,7472,True
12370,12371,True
12836,12844,True
29905,29931,True
17008,17016,True
16447,16454,True
1709,1762,True
25515,25536,True
19027,19028,True
30566,30579,True
14042,14046,True
15129,15132,True
35377,35381,True
16159,16172,True
19004,19017,True
28671,28687,True
17942,17944,True
13817,13820,True
11343,11376,True
24261,24579,True
31263,31271,True
24835,24851,True
13230,13242,True
18148,18170,True
11370,11371,True
8729,8750,True
32119,32131,True
11354,11363,True
11373,11376,True
11133,11135,True
6684,6685,True
2496,2505,True
13323,13325,True
13584,13595,True
9135,9145,True
26393,26397,True
5026,5029,True
16634,16643,True
13086,13089,True
13946,13947,True
6897,6914,True
12569,12570,True
22718,22738,True
11409,11420,True
26405,26407,True
13035,13043,True
15316,15321,True
5318,5322,True
1710,1717,True
18973,19047,True
11358,11374,True
17531,17541,True
11342,11366,True
6065,6239,True
18170,18171,True
13141,13146,True
25909,25910,True
2563,2572,True
30569,30580,True
12564,12576,True
6155,6169,True
4047,4048,True
11354,11376,True
35339,35344,True
14013,14014,True
18746,18748,True
2669,2675,True
4856,4860,True
26393,26410,True
14016,14019,True
11309,11310,True
8914,8930,True
15667,15672,True
17948,17950,True
4619,4624,True
15966,15968,True
10978,10981,True
12679,12684,True
14009,14016,True
8740,8750,True
14008,14020,True
18848,18880,True
11040,11041,True
2551,2575,True
13000,13035,True
12070,12081,True
12130,12132,True
16178,16238,True
14414,14415,True
20281,20310,True
22342,22356,True
29630,29634,True
20200,20651,True
12993,12995,True
19033,19047,True
12753,12754,True
16065,16068,True
26873,26875,True
12904,12923,True
9895,9906,True
17394,17404,True
31044,31051,True
17454,17455,True
14706,14708,True
1663,1739,True
13606,13609,True
6409,6412,True
13329,13331,True
22771,22883,True
23884,23921,True
13048,13052,True
16120,16125,True
17746,17748,True
14182,14186,True
10309,10310,True
25245,25246,True
17449,17461,True
29117,29126,True
6871,6887,True
9899,9917,True
23549,23564,True
12199,12208,True
2576,2581,True
19119,19127,True
12542,12547,True
29110,29123,True
27522,27526,True
12586,12590,True
5537,5557,True
1695,1785,True
30314,30316,True
13676,13681,True
18147,18149,True
2757,2777,True
14019,14020,True
29235,29239,True
14488,14498,True
21259,21294,True
13391,13404,True
31229,31231,True
13451,13455,True
17048,17130,True
6761,6769,True
12373,12374,True
14821,14829,True
13513,13515,True
18151,18160,True
35220,35247,True
10714,10722,True
14606,14611,True
2137,2143,True
7916,7925,True
17696,17701,True
18147,18162,True
4651,4659,True
14378,14380,True
14601,14617,True
13583,13587,True
6893,6901,True
2765,2772,True
11364,11369,True
2768,2777,True
9863,9926,True
18976,19010,True
20555,20558,True
6158,6159,True
6958,6966,True
6999,7004,True
14366,14383,True
29116,29129,True
14779,14781,True
13638,13644,True
10478,10495,True
20214,20228,True
29126,29322,True
10169,10383,True
11700,11705,True
16448,16451,True
2763,2783,True
25520,25534,True
18130,18171,True
11050,11071,True
1981,1993,True
13949,13950,True
7313,7315,True
18121,18122,True
2772,2788,True
13693,13701,True
18791,18856,True
12571,12577,True
18983,19026,True
12914,12916,True
15126,15131,True
14285,14286,True
18976,19023,True
6268,6273,True
20435,20469,True
12567,12579,True
26406,26421,True
35565,35621,True
35551,35723,True
24058,24059,True
2672,2678,True
15720,15725,True
2391,2399,True
20339,20357,True
12903,12915,True
6002,6009,True
18574,18575,True
18037,18141,True
1826,1839,True
11367,11370,True
14978,14980,True
13557,13560,True
4056,4071,True
20476,20483,True
13320,13324,True
24988,24989,True
25139,25158,True
35307,35339,True
13083,13088,True
11101,11106,True
11340,11388,True
19498,20020,True
2372,2399,True
12733,12746,True
24061,24077,True
5032,5033,True
15033,15037,True
12751,12763,True
6903,6918,True
14191,14196,True
2006,2012,True
9767,9776,True
11374,11386,True
20319,20886,True
3083,3164,True
25153,25177,True
19005,19040,True
20445,20473,True
13324,13335,True
13157,13158,True
9776,9781,True
6168,6176,True
4967,4988,True
19963,19975,True
24995,25005,True
19260,19266,True
5030,5044,True
13966,13970,True
18143,18257,True
14010,14013,True
12589,12593,True
10071,10308,True
15100,15104,True
18131,18139,True
13962,13972,True
11362,11389,True
9899,9972,True
18773,18774,True
9897,9899,True
18718,18838,True
17396,17397,True
25456,25457,True
15155,15161,True
15719,15728,True
22374,22376,True
1829,1840,True
13456,13467,True
1705,1804,True
26397,26425,True
13560,13561,True
17451,17454,True
24758,24782,True
2121,2133,True
13282,13287,True
13449,13464,True
11861,11867,True
24994,24995,True
13231,13241,True
12071,12091,True
11964,11965,True
34207,34229,True
11614,11623,True
13038,13048,True
23700,23764,True
13917,13919,True
9896,9916,True
25005,25009,True
11979,11980,True
25515,25525,True
21453,21484,True
18378,18379,True
30566,30568,True
11348,11359,True
10601,10607,True
13393,13397,True
17240,17247,True
18141,18143,True
13692,13693,True
26423,26575,True
13641,13647,True
9159,9249,True
11473,11475,True
24853,25032,True
15925,15930,True
17532,17540,True
11343,11365,True
20783,20844,True
1713,1762,True
2659,2660,True
12370,12373,True
26146,26159,True
13230,13231,True
11809,11811,True
9527,9537,True
18148,18159,True
14039,14043,True
1854,1859,True
5742,5747,True
24850,24855,True
18141,18156,True
18160,18169,True
14571,14577,True
14612,14615,True
11169,11306,True
10663,10680,True
16335,16336,True
13234,13242,True
14674,14675,True
1676,1708,True
14094,14100,True
10505,10508,True
9084,9088,True
2035,2055,True
16864,16865,True
17705,17710,True
25485,25487,True
18886,19148,True
11598,11604,True
28276,28281,True
24835,24853,True
2422,2437,True
11358,11363,True
13028,13029,True
18580,18583,True
6155,6158,True
8729,8752,True
11370,11373,True
11354,11365,True
14215,14218,True
28010,28017,True
9526,9527,True
6684,6687,True
27493,27498,True
12557,12562,True
14183,14185,True
11602,11615,True
18115,18116,True
25315,25318,True
12566,12567,True
1868,1891,True
1675,1762,True
11349,11371,True
12569,12572,True
3247,3314,True
9127,9148,True
6159,6169,True
11358,11376,True
15098,15100,True
28339,28350,True
13141,13148,True
15873,15887,True
9593,9594,True
12860,12869,True
2563,2574,True
12564,12578,True
15671,15672,True
14013,14016,True
1663,1728,True
30354,30364,True
1828,1832,True
16445,16463,True
17945,17947,True
2127,2128,True
11349,11384,True
5668,5679,True
8740,8752,True
15489,15493,True
6591,6593,True
9899,9906,True
2463,2464,True
14651,14653,True
12990,12992,True
7214,7215,True
1665,1666,True
12993,12997,True
13853,13855,True
29630,29636,True
29110,29112,True
16065,16070,True
12192,12194,True
17454,17457,True
26015,26028,True
5505,5513,True
22486,22487,True
7550,7551,True
20485,20492,True
13606,13611,True
16637,16646,True
14655,14664,True
17948,17965,True
35016,35056,True
13391,13393,True
2961,2983,True
11730,11732,True
13041,13051,True
2573,2578,True
13321,13334,True
4763,4768,True
22149,22434,True
25521,25533,True
35342,35347,True
18147,18151,True
20774,20837,True
15835,15971,True
24795,25025,True
24136,24157,True
18140,18148,True
2082,2088,True
7114,7118,True
14610,14611,True
1845,1852,True
12073,12084,True
9905,9912,True
18151,18162,True
18992,19007,True
12955,12960,True
20435,20445,True
8398,8425,True
3085,3116,True
10478,10484,True
19118,19119,True
2761,2763,True
10496,10501,True
18276,18278,True
6759,6782,True
26897,26900,True
6538,6554,True
25520,25523,True
25907,25932,True
10489,10498,True
12328,12431,True
2772,2777,True
22721,22730,True
3635,3640,True
14163,14164,True
13583,13589,True
13343,13348,True
17455,17469,True
6893,6903,True
4085,4105,True
11364,11371,True
3628,3637,True
2830,2839,True
14366,14385,True
26406,26410,True
18966,18967,True
18109,18114,True
25520,25536,True
13949,13952,True
30570,30583,True
15414,15415,True
19302,19303,True
13993,13995,True
2756,2782,True
18980,19023,True
12571,12579,True
33141,33145,True
18037,18130,True
26391,26408,True
28452,28454,True
26410,26421,True
7176,7204,True
30361,30365,True
12397,12399,True
19017,19026,True
5550,5766,True
19010,19023,True
12733,12735,True
24341,24349,True
26393,26575,True
26011,26015,True
11935,11937,True
14963,14967,True
18574,18577,True
14125,14127,True
13885,13886,True
5267,5269,True
2106,2124,True
17215,17217,True
11367,11372,True
5030,5033,True
14978,14982,True
20457,20472,True
13320,13326,True
19379,19391,True
18978,19047,True
16631,16644,True
35307,35341,True
3302,3318,True
16130,16133,True
11101,11108,True
23629,23631,True
22980,23222,True
1663,1675,True
10064,10065,True
14815,14816,True
26143,26147,True
11374,11388,True
6168,6178,True
26397,26414,True
19260,19268,True
5389,5393,True
13169,13170,True
1607,1672,True
7541,7557,True
14010,14015,True
26148,26383,True
35285,35299,True
10071,10310,True
18131,18141,True
14302,14308,True
29222,29236,True
9915,9918,True
10775,10776,True
9959,9961,True
32076,32086,True
18126,18147,True
18986,19005,True
1829,1842,True
17458,17459,True
11610,11614,True
15218,15219,True
12079,12092,True
13560,13563,True
17987,17988,True
5801,5845,True
6573,6590,True
15793,15800,True
12204,12208,True
5270,5391,True
11343,11354,True
14715,14719,True
5558,5565,True
35083,35299,True
1817,1845,True
25522,25530,True
13917,13921,True
26146,26148,True
25525,25535,True
17244,17247,True
5620,5625,True
17975,17991,True
29177,29183,True
18126,18160,True
9205,9246,True
25515,25527,True
30566,30570,True
6473,6480,True
13393,13399,True
5071,5073,True
13692,13695,True
3749,3861,True
23340,23352,True
3394,3404,True
30559,30567,True
31649,31887,True
18033,18053,True
15361,15365,True
11343,11367,True
35354,35361,True
9017,9023,True
12370,12375,True
26146,26161,True
12905,12911,True
18148,18161,True
14600,14607,True
14039,14045,True
24847,24852,True
19632,19637,True
27087,27092,True
14023,14037,True
10774,10779,True
12961,12964,True
9563,9583,True
7175,7179,True
13026,13029,True
14094,14102,True
17705,17712,True
22357,22750,True
14157,14158,True
14976,14978,True
16066,16069,True
12738,12747,True
11358,11365,True
6162,6163,True
10797,10803,True
17531,17532,True
11342,11357,True
9640,9658,True
27497,27498,True
20539,20583,True
30569,30571,True
8729,8754,True
11354,11367,True
28010,28019,True
20274,20285,True
35550,35555,True
2776,2792,True
12576,12577,True
12566,12569,True
11349,11373,True
21782,22303,True
15360,15368,True
13192,13196,True
6162,6176,True
23439,23441,True
15098,15102,True
11342,11370,True
35538,35558,True
33449,33450,True
9895,9897,True
8754,8760,True
30351,30361,True
9885,9889,True
11356,11389,True
17945,17949,True
3635,3963,True
13259,13263,True
14119,14121,True
13558,13559,True
11349,11386,True
25245,25466,True
1719,1783,True
19037,19049,True
15489,15495,True
14651,14655,True
16178,16242,True
12990,12994,True
13853,13857,True
29110,29114,True
25213,25406,True
5505,5515,True
3378,3381,True
2757,2768,True
12538,12540,True
11958,11965,True
13329,13335,True
16120,16129,True
4770,4773,True
18848,19126,True
2680,2706,True
16635,16723,True
13321,13336,True
2576,2585,True
14824,14825,True
11603,11629,True
15104,15108,True
18132,18138,True
18135,18143,True
13446,13452,True
11596,11626,True
12368,12371,True
20774,20839,True
7550,7566,True
14318,14320,True
10242,10381,True
12941,12943,True
20449,20490,True
1709,1808,True
12959,12960,True
12379,12385,True
14891,14892,True
5674,5687,True
31808,31814,True
6008,6206,True
1908,1910,True
10204,10210,True
9388,9395,True
13856,13858,True
26791,26799,True
18135,18156,True
14606,14615,True
29116,29120,True
2137,2147,True
21379,21484,True
14385,14387,True
19118,19121,True
2761,2765,True
14369,14379,True
7509,7511,True
21156,21183,True
25457,25469,True
15008,15009,True
13587,13589,True
25520,25525,True
18130,18162,True
14601,14621,True
9893,9917,True
13353,13358,True
30201,30217,True
26392,26393,True
15303,15307,True
17490,17492,True
18983,19017,True
12275,12277,True
13362,13363,True
2765,2776,True
11364,11373,True
18113,18114,True
15857,15866,True
17016,17020,True
12567,12570,True
6158,6163,True
10169,10387,True
17230,17245,True
18916,19148,True
4500,4507,True
18109,18116,True
13140,13142,True
11340,11366,True
1669,1762,True
2763,2787,True
6264,6266,True
13139,13146,True
30567,30580,True
20458,20979,True
17083,17087,True
26410,26423,True
7025,7037,True
13257,13259,True
32346,32354,True
6268,6277,True
20457,20461,True
13301,13302,True
14350,14355,True
10783,10788,True
22479,22515,True
13830,13831,True
18581,18582,True
23439,23496,True
16063,16068,True
13561,13562,True
13324,13326,True
11367,11374,True
11606,11619,True
6876,6927,True
12570,12571,True
10569,10576,True
5042,5045,True
12862,12864,True
6226,6229,True
15033,15041,True
21199,21232,True
2567,2578,True
26143,26149,True
9767,9780,True
14298,14299,True
16631,16767,True
1829,1831,True
13157,13162,True
8749,8750,True
1700,1717,True
14017,14020,True
12079,12081,True
19260,19270,True
29507,29515,True
18138,18146,True
18998,19004,True
14010,14017,True
24758,24773,True
14029,14030,True
1802,1849,True
13792,13794,True
12371,12374,True
9224,9393,True
6762,6774,True
13511,13515,True
5495,5498,True
12415,12417,True
18889,18953,True
15723,15730,True
6585,6589,True
14365,14366,True
17613,17628,True
25453,25456,True
9896,9907,True
10775,10778,True
17975,17980,True
17395,17405,True
18126,18149,True
1709,1742,True
18986,19007,True
25515,25516,True
2128,2140,True
17987,17990,True
12078,12098,True
18998,19017,True
17451,17458,True
27102,27120,True
16952,16956,True
11343,11356,True
14434,14442,True
27243,27244,True
23635,23639,True
8885,8893,True
25522,25532,True
13038,13052,True
13397,13399,True
20537,20550,True
3127,3170,True
28797,28964,True
18126,18162,True
27516,27524,True
25515,25529,True
13393,13401,True
18141,18147,True
35358,35361,True
15412,15413,True
4755,4775,True
14271,14276,True
3394,3406,True
17343,17349,True
10033,10046,True
12374,12375,True
15361,15367,True
13193,13195,True
5158,5165,True
7004,7020,True
11343,11369,True
13237,13238,True
5687,5694,True
2939,2947,True
13766,13767,True
24835,24844,True
9237,9294,True
9918,9921,True
12370,12377,True
17638,17647,True
12089,12098,True
20366,20910,True
2739,2778,True
12731,12733,True
13443,13464,True
18510,18515,True
17990,17991,True
9334,9348,True
11354,11356,True
25522,25666,True
13260,13262,True
18141,18160,True
16833,16846,True
11864,11872,True
13584,13588,True
11602,11606,True
16335,16340,True
2546,3029,True
11365,11370,True
13817,13826,True
10269,10272,True
14976,14980,True
18988,19200,True
13035,13036,True
18048,18053,True
24968,24972,True
6679,6684,True
11358,11367,True
6162,6165,True
18577,18582,True
11342,11359,True
35305,35339,True
15873,15878,True
19761,19766,True
30569,30573,True
12731,12746,True
24960,24973,True
6155,6162,True
11354,11369,True
13014,13034,True
5354,5359,True
28010,28021,True
11133,11141,True
4516,4519,True
12576,12579,True
20443,20473,True
7307,7313,True
16634,16649,True
25315,25322,True
13426,13429,True
15666,15669,True
14850,14854,True
14008,14013,True
24536,24537,True
2551,2568,True
6162,6178,True
7170,7200,True
15098,15104,True
11342,11372,True
10954,10967,True
12974,12975,True
9593,9598,True
23663,24319,True
9895,9899,True
17394,17397,True
30354,30368,True
18171,18257,True
9888,9896,True
4058,4068,True
13259,13265,True
14119,14123,True
9551,9722,True
13558,13561,True
5069,5095,True
32647,32656,True
11349,11388,True
13041,13042,True
15489,15497,True
24369,24373,True
13321,13325,True
3024,3030,True
7211,7214,True
16371,16373,True
15791,15798,True
17943,17962,True
8074,8077,True
15835,15841,True
4976,4988,True
19972,19975,True
13036,13048,True
21953,22257,True
31044,31057,True
18575,18589,True
3378,3383,True
12538,12542,True
27515,27516,True
10877,10881,True
9500,9504,True
8920,8929,True
10423,10647,True
14812,14817,True
11371,11389,True
13391,13397,True
32627,32660,True
6761,6762,True
13734,13736,True
14821,14822,True
24989,25003,True
12073,12075,True
4647,5055,True
12375,12376,True
3363,3640,True
1838,1840,True
10714,10715,True
13509,13510,True
18111,18202,True
17397,17398,True
1713,1808,True
12368,12373,True
23456,23463,True
2757,2783,True
2650,2657,True
14601,14610,True
11239,11246,True
3030,3063,True
12379,12387,True
18139,18156,True
21898,21930,True
14610,14615,True
30450,30452,True
12955,12964,True
19814,20102,True
20435,20449,True
13446,13467,True
29116,29122,True
19354,19363,True
25527,25530,True
30162,30170,True
11357,11359,True
19118,19123,True
9557,9583,True
14605,14621,True
12497,12500,True
19117,19127,True
12541,12543,True
2199,2209,True
25520,25527,True
17242,17244,True
20490,20506,True
13933,13935,True
13353,13360,True
8945,8948,True
18139,18169,True
16444,16446,True
6165,6168,True
10913,10914,True
18113,18116,True
17533,17541,True
16437,16443,True
29932,29950,True
12567,12572,True
11187,11190,True
21434,21893,True
26406,26414,True
1675,1808,True
12910,12911,True
21137,21148,True
2760,2784,True
14561,14564,True
9248,9255,True
18619,18634,True
13139,13148,True
21199,21208,True
13763,13766,True
9594,9599,True
19261,19269,True
18164,18175,True
35419,35681,True
28452,28458,True
9867,9879,True
14354,14355,True
21535,21544,True
23725,23734,True
19382,19680,True
11347,11384,True
28665,28687,True
18500,18511,True
19379,19382,True
32339,32353,True
22451,22455,True
24839,24859,True
6053,6061,True
21890,21893,True
17702,17713,True
11381,11382,True
16300,16306,True
18581,18584,True
16341,16344,True
22980,23213,True
11611,11615,True
16063,16070,True
7186,7199,True
18574,18581,True
26593,26869,True
1656,1663,True
14184,14186,True
21104,21105,True
6168,6169,True
7548,7551,True
11367,11376,True
13607,13616,True
12570,12573,True
7541,7548,True
2572,2574,True
26409,26415,True
2571,2578,True
1642,1849,True
26147,26149,True
14850,14922,True
6762,6763,True
29906,29923,True
14822,14823,True
10924,10927,True
10407,10408,True
12647,12648,True
6059,6239,True
15114,15116,True
1936,1959,True
8749,8752,True
33166,33168,True
11606,11634,True
29296,29297,True
18998,19006,True
14010,14019,True
20209,20616,True
27102,27109,True
12371,12376,True
13231,13234,True
12071,12084,True
18244,18251,True
12415,12419,True
29632,29633,True
13275,13277,True
13555,13560,True
6585,6591,True
24041,24087,True
25314,25343,True
13038,13041,True
13444,13463,True
29004,29017,True
17395,17407,True
18126,18151,True
2109,2129,True
2128,2142,True
2279,2311,True
23016,23017,True
35649,35822,True
4771,4772,True
13042,13052,True
10033,10035,True
3932,3973,True
15793,15804,True
17532,17533,True
13965,13966,True
11343,11358,True
20783,20837,True
16155,16156,True
25522,25534,True
10369,10371,True
13397,13401,True
4627,4656,True
11619,11643,True
18141,18149,True
18160,18162,True
35616,35658,True
15412,15415,True
13455,13463,True
12374,12377,True
29775,29937,True
17406,17407,True
18225,18227,True
1868,1871,True
11343,11371,True
28453,28459,True
1675,1742,True
16402,16504,True
24476,24499,True
5390,5409,True
6890,6893,True
12905,12915,True
1861,1868,True
13230,13237,True
18989,19010,True
17981,17988,True
1810,1822,True
16339,16340,True
12731,12735,True
16342,16345,True
11354,11358,True
13821,13826,True
8193,8213,True
20274,20276,True
18143,18171,True
16634,16638,True
11085,11089,True
11365,11372,True
22753,22754,True
18804,18856,True
14976,14982,True
11349,11364,True
18996,19026,True
6159,6162,True
24835,24859,True
15319,15321,True
11358,11369,True
17531,17536,True
30579,30583,True
3921,3931,True
35305,35341,True
18989,19023,True
22048,22120,True
2563,2567,True
24059,24079,True
12564,12571,True
9016,9017,True
17974,17998,True
11353,11375,True
12573,12576,True
26393,26405,True
3075,3092,True
7307,7315,True
33145,33151,True
18115,18122,True
5668,5672,True
14850,14856,True
14569,14577,True
14008,14015,True
17080,17088,True
11342,11374,True
1607,1718,True
3817,3823,True
3256,3261,True
30351,30365,True
8817,8820,True
16637,16639,True
23488,23687,True
24804,24825,True
6059,6065,True
14119,14125,True
13558,13563,True
32647,32658,True
9370,9383,True
9969,9971,True
9389,9396,True
13041,13044,True
22648,22663,True
12760,12765,True
31288,31298,True
16178,16246,True
35239,35242,True
18156,18257,True
1665,1672,True
14754,14757,True
12753,12762,True
13632,13633,True
23017,23176,True
2757,2772,True
12538,12544,True
7550,7557,True
13606,13617,True
10537,10549,True
13439,13440,True
1739,1742,True
2580,2587,True
8753,8754,True
18140,18141,True
16120,16133,True
14812,14819,True
13391,13399,True
10230,10254,True
28667,28669,True
25339,25347,True
20458,20486,True
12313,12318,True
14821,14824,True
11793,11794,True
15967,16039,True
8632,8649,True
14824,14829,True
27053,27056,True
24604,24605,True
18135,18147,True
18995,19005,True
1838,1842,True
13446,13456,True
22647,22653,True
20274,20786,True
13509,13512,True
9875,9918,True
12368,12375,True
8407,8652,True
13527,13529,True
27498,27527,True
14601,14612,True
14661,14663,True
11607,11644,True
22721,22723,True
12959,12964,True
14610,14617,True
17455,17462,True
14953,14956,True
25534,25535,True
2768,2772,True
15797,15806,True
2635,2657,True
24604,24618,True
18135,18160,True
14155,14158,True
29116,29124,True
17747,17755,True
25527,25532,True
13638,13639,True
12497,12502,True
13357,13360,True
25520,25529,True
30567,30571,True
2772,2783,True
17821,17825,True
13693,13696,True
5223,5243,True
3635,3646,True
20272,20285,True
16444,16448,True
12571,12572,True
26410,26414,True
4095,4570,True
13172,13206,True
18973,18976,True
11347,11373,True
13468,13470,True
24773,25046,True
24847,25032,True
9598,9599,True
14498,14510,True
3299,3818,True
2760,2786,True
11340,11370,True
14860,14862,True
12903,12910,True
30120,30124,True
13763,13768,True
20987,21556,True
10495,10497,True
2305,2327,True
25527,25666,True
23729,23734,True
33141,33151,True
6319,6327,True
11606,11610,True
32343,32353,True
18973,18989,True
23637,23889,True
13257,13263,True
22458,22460,True
20457,20465,True
24925,24928,True
20476,20478,True
11347,11386,True
14161,14164,True
16348,16349,True
12740,12744,True
13039,13040,True
25139,25153,True
18975,19156,True
10813,10819,True
12577,12578,True
26397,26407,True
9779,9781,True
11606,11623,True
10226,10241,True
14854,14922,True
5030,5039,True
19260,19261,True
12570,12575,True
1607,1665,True
7541,7550,True
2379,2410,True
29437,29447,True
14520,14524,True
24048,24079,True
9491,9499,True
22503,22889,True
6762,6765,True
2870,3401,True
15383,15387,True
11362,11384,True
32767,32778,True
14822,14825,True
12862,12868,True
15682,15683,True
23629,23637,True
6156,6174,True
5614,5625,True
14068,14070,True
12366,12371,True
18126,18140,True
1728,1783,True
23905,23922,True
7548,7566,True
9568,9574,True
17949,17955,True
12078,12089,True
18998,19008,True
14889,14892,True
6573,6583,True
29008,29017,True
13231,13236,True
23232,23240,True
29632,29635,True
22151,22154,True
13275,13279,True
19123,19124,True
13555,13562,True
13854,13858,True
6585,6593,True
25522,25523,True
13038,13043,True
7429,7443,True
23225,23237,True
9896,9911,True
9335,9349,True
22985,22996,True
25515,25520,True
17458,17465,True
5613,5615,True
11048,11062,True
17240,17242,True
6879,6895,True
13112,13113,True
17451,17462,True
3955,3959,True
26390,26393,True
13641,13642,True
15793,15806,True
17233,17239,True
13644,13647,True
12544,12548,True
20783,20839,True
35331,35370,True
15915,15917,True
13126,13132,True
13167,13170,True
25522,25536,True
10325,10330,True
28963,28964,True
26146,26383,True
13397,13403,True
18116,18202,True
20435,20506,True
11619,11645,True
14042,14043,True
8020,8045,True
18141,18151,True
1669,1808,True
14851,14855,True
13471,13473,True
14892,14893,True
1566,1572,True
13234,13237,True
6765,6779,True
13237,13242,True
16564,16568,True
12956,12963,True
30447,30453,True
13230,13239,True
17981,17990,True
20486,20979,True
5399,5416,True
3064,3067,True
11351,11355,True
24960,24964,True
16342,16347,True
11634,11643,True
22722,22733,True
14445,14446,True
10276,10279,True
11602,11610,True
16335,16344,True
11365,11374,True
11349,11366,True
6440,6443,True
25589,25781,True
1710,1714,True
2551,2559,True
11358,11371,True
6162,6169,True
17978,17998,True
11342,11363,True
2292,2335,True
4520,4521,True
23029,23041,True
13141,13143,True
15873,15882,True
12860,12864,True
30569,30577,True
12564,12573,True
12044,12049,True
11590,11613,True
20483,20694,True
5354,5363,True
35339,35341,True
30351,30354,True
12573,12578,True
14854,14856,True
6217,6226,True
9011,9089,True
9345,9379,True
21725,21738,True
24044,24079,True
14008,14017,True
2551,2572,True
2403,2408,True
13192,13202,True
22648,22652,True
15492,15493,True
7170,7204,True
15098,15108,True
12070,12078,True
13831,13832,True
1607,1720,True
25516,25666,True
16345,16348,True
11615,11619,True
2757,2761,True
16637,16641,True
20443,20490,True
13609,13611,True
7200,7204,True
18247,18256,True
14119,14127,True
14182,14183,True
13041,13046,True
16635,16716,True
13321,13329,True
21208,21232,True
12199,12205,True
24202,24614,True
12542,12544,True
22089,22149,True
2912,2941,True
26161,26383,True
20473,20490,True
5556,5567,True
10604,10605,True
29113,29125,True
13036,13052,True
14816,14819,True
6759,6764,True
29235,29236,True
27514,27524,True
14488,14495,True
13968,13971,True
13391,13401,True
18139,18147,True
13731,13735,True
14030,14031,True
26413,26432,True
18135,18149,True
18995,19007,True
29910,29940,True
4658,4659,True
14606,14608,True
19294,19303,True
4525,4544,True
2137,2140,True
13726,13741,True
27975,27976,True
14605,14612,True
13509,13514,True
1799,1852,True
12368,12377,True
19007,19017,True
4988,5473,True
1669,1742,True
27495,27524,True
14601,14614,True
10492,10498,True
15672,15692,True
2756,2764,True
2923,2941,True
18139,18160,True
18999,19018,True
13583,13584,True
14030,14044,True
17751,17755,True
11862,11872,True
11581,11593,True
11364,11366,True
25492,25540,True
4094,4105,True
6958,6963,True
13919,13920,True
10887,10889,True
25527,25534,True
13638,13641,True
22366,22389,True
14498,14499,True
1620,1863,True
10329,10332,True
12541,12547,True
11340,11359,True
13587,13595,True
17740,17754,True
25519,25535,True
30567,30573,True
26159,26161,True
29770,29771,True
22721,22738,True
9332,9361,True
13693,13698,True
18552,18571,True
12275,12283,True
26391,26403,True
22203,22223,True
16506,16510,True
15126,15128,True
18973,18978,True
6876,6907,True
4488,4503,True
16156,16168,True
4787,4799,True
12567,12576,True
14848,14854,True
14328,14330,True
35203,35266,True
3198,3243,True
13767,13768,True
2890,2898,True
12910,12915,True
32339,32344,True
18109,18122,True
2760,2788,True
11340,11372,True
18968,19021,True
12455,12456,True
6994,7020,True
19302,19311,True
19261,19273,True
14966,14967,True
16336,16341,True
4056,4068,True
13257,13265,True
11877,11883,True
11347,11388,True
13320,13321,True
18975,19037,True
20200,20582,True
28019,28021,True
11362,11373,True
13331,13335,True
28213,28237,True
14191,14193,True
16643,16649,True
2567,2571,True
31153,31154,True
21740,22303,True
25544,25554,True
26423,26425,True
13138,13142,True
18150,18257,True
1700,1710,True
26397,26409,True
7179,7200,True
24995,25002,True
8918,8929,True
12570,12577,True
11369,11389,True
12589,12590,True
20570,20586,True
14520,14526,True
21670,22136,True
15944,15951,True
12071,12075,True
11362,11386,True
13444,13454,True
15376,15386,True
12083,12085,True
29004,29008,True
9681,9746,True
1706,1730,True
23455,23459,True
12366,12373,True
1709,1735,True
23174,23180,True
23454,23463,True
16018,16021,True
18131,18257,True
4088,4127,True
25124,25129,True
8748,8760,True
17407,17408,True
9331,9340,True
12419,12421,True
1762,1783,True
23447,23460,True
6335,6528,True
13282,13284,True
27959,27966,True
13001,13005,True
13042,13043,True
5152,5165,True
27102,27113,True
15793,15795,True
11605,11615,True
13045,13048,True
13231,13238,True
11343,11349,True
5495,5504,True
18584,18589,True
18161,18257,True
25163,25178,True
17462,17465,True
25522,25525,True
13038,13045,True
16365,16371,True
25525,25530,True
4627,4647,True
28597,28603,True
16708,16710,True
11099,11110,True
25515,25522,True
9917,9972,True
10601,10604,True
6473,6475,True
13393,13394,True
4656,5055,True
17240,17244,True
14533,14535,True
8401,8665,True
18033,18048,True
17532,17537,True
13965,13970,True
11343,11362,True
11623,11645,True
1518,1520,True
15127,15129,True
1817,1853,True
24835,24837,True
13056,13075,True
13696,13701,True
14260,14268,True
18148,18156,True
14039,14040,True
27519,27535,True
1854,1856,True
14042,14045,True
13802,13804,True
20469,20506,True
13241,13242,True
14492,14510,True
35377,35380,True
11003,11011,True
14614,14621,True
7178,7179,True
13234,13239,True
17985,17990,True
22264,22288,True
20868,20898,True
9399,9591,True
11859,11871,True
31815,32012,True
2422,2434,True
18973,19033,True
3449,3469,True
3561,3939,True
12905,12919,True
13230,13241,True
21701,22067,True
14669,14678,True
8780,8795,True
18148,18169,True
3231,3246,True
16339,16344,True
24059,24070,True
22264,22409,True
8729,8749,True
16342,16349,True
11354,11362,True
7553,7591,True
11634,11645,True
2776,2787,True
13584,13594,True
4087,4106,True
35439,35453,True
16634,16642,True
6878,6900,True
11365,11376,True
1656,1709,True
19433,19785,True
14219,14226,True
17531,17540,True
26407,26415,True
11342,11365,True
14848,14922,True
13141,13145,True
13440,13441,True
30569,30579,True
12564,12575,True
9343,9379,True
12863,12871,True
10903,10914,True
9482,9494,True
30351,30356,True
9526,9537,True
19262,19270,True
19391,19680,True
6217,6228,True
30354,30361,True
11356,11384,True
12916,12919,True
22043,22130,True
13196,13202,True
17948,17949,True
14059,14065,True
15666,15675,True
18978,18989,True
13539,13541,True
15397,15487,True
23770,23778,True
14008,14019,True
2551,2574,True
14634,14710,True
1570,1655,True
15492,15495,True
16178,16237,True
13831,13834,True
12993,12994,True
29630,29633,True
14133,14135,True
21379,21453,True
17955,17965,True
20582,20651,True
5505,5510,True
18575,18582,True
14706,14707,True
2757,2763,True
19158,19162,True
17737,17742,True
16637,16643,True
23240,23855,True
13048,13051,True
27104,27120,True
23663,24446,True
6919,6927,True
22479,22710,True
16644,16767,True
9222,9223,True
13110,13111,True
2573,2575,True
20442,20469,True
13321,13331,True
14181,14189,True
14244,14245,True
10056,10065,True
24431,24439,True
5087,5091,True
4237,4655,True
26003,26028,True
35519,35529,True
3363,3633,True
30364,30365,True
13402,13404,True
12586,12589,True
18021,18036,True
13446,13447,True
11615,11634,True
13676,13680,True
26144,26152,True
20576,20590,True
18147,18148,True
2757,2776,True
12538,12548,True
25347,25350,True
27215,27230,True
13391,13403,True
8864,9003,True
2082,2085,True
18139,18149,True
14011,14020,True
2126,2128,True
2573,2588,True
3672,3691,True
13513,13514,True
10072,10086,True
18132,18146,True
18992,19004,True
12955,12957,True
12416,12420,True
29633,29634,True
13276,13278,True
18135,18151,True
13235,13240,True
10695,10708,True
20435,20442,True
2137,2142,True
1576,1580,True
14605,14614,True
13509,13516,True
26103,26393,True
17397,17404,True
4607,4615,True
4651,4658,True
21675,21706,True
22084,22399,True
10429,10444,True
10489,10495,True
11053,11062,True
29877,29886,True
18139,18162,True
14144,14148,True
13583,13586,True
2535,2538,True
10595,10598,True
11925,11930,True
3735,3989,True
10037,10041,True
2768,2776,True
28281,28290,True
9863,9925,True
3628,3634,True
22713,22728,True
18992,19017,True
17536,17539,True
10887,10891,True
25527,25536,True
13638,13643,True
14438,14450,True
5369,5409,True
15878,15883,True
26406,26407,True
24518,24555,True
5341,5347,True
4761,4772,True
18109,18111,True
2760,2777,True
3663,4271,True
25309,25313,True
13139,13141,True
18130,18170,True
20471,20499,True
30570,30580,True
19261,19262,True
13693,13700,True
16444,16452,True
12571,12576,True
18164,18168,True
12914,12915,True
18113,18122,True
15126,15130,True
18973,18980,True
11537,11538,True
32343,32344,True
4056,4057,True
4620,4624,True
14848,14856,True
13468,13474,True
23015,23042,True
21338,21373,True
32339,32346,True
11340,11374,True
17702,17706,True
20869,21339,True
30120,30128,True
14963,14964,True
23729,23738,True
19005,19026,True
11367,11369,True
19928,19940,True
9366,9374,True
11606,11614,True
22994,22996,True
5461,5482,True
20457,20469,True
10569,10571,True
6400,6404,True
13320,13323,True
1711,1713,True
15033,15036,True
2567,2573,True
1665,1718,True
18126,18131,True
2299,2758,True
12297,12299,True
20445,20472,True
20464,20485,True
7548,7557,True
8748,8749,True
15948,15951,True
13966,13969,True
12570,12579,True
14810,14819,True
5672,5678,True
20910,20922,True
6762,6769,True
11362,11388,True
14822,14829,True
15723,15725,True
24303,24309,True
22642,22648,True
32829,32842,True
23700,23750,True
22645,22653,True
13504,13507,True
12083,12087,True
29905,29906,True
20272,20786,True
14367,14370,True
12366,12375,True
15719,15727,True
1829,1839,True
11610,11611,True
12750,12752,True
9908,9912,True
12189,12190,True
11048,11053,True
6879,6886,True
10812,10813,True
11051,11058,True
12182,12187,True
13042,13045,True
15793,15797,True
25529,25530,True
12204,12205,True
11624,11630,True
16092,16093,True
13344,13346,True
5495,5506,True
11384,11389,True
19123,19128,True
25163,25180,True
18974,19005,True
25522,25527,True
13038,13047,True
3109,3111,True
13917,13918,True
27526,27527,True
16365,16373,True
25525,25532,True
17975,17988,True
28597,28605,True
15614,15687,True
13680,13682,True
11619,11636,True
17458,17469,True
30566,30567,True
10601,10606,True
11609,11628,True
6473,6477,True
14492,14499,True
4771,4778,True
18872,18886,True
14832,14833,True
19004,19005,True
28671,28675,True
23623,23637,True
18033,18050,True
15925,15929,True
4017,4023,True
17232,17247,True
35354,35358,True
18889,19203,True
18037,18169,True
11343,11364,True
1675,1735,True
15915,15921,True
15127,15131,True
15168,15169,True
13167,13174,True
26415,26575,True
13186,13187,True
24835,24839,True
13510,13513,True
14496,14510,True
30317,30334,True
14039,14042,True
9334,9343,True
10774,10776,True
17974,17978,True
25525,25666,True
7175,7176,True
13234,13241,True
13817,13821,True
17705,17709,True
1735,1762,True
16564,16572,True
24835,24852,True
25399,25648,True
11358,11362,True
1861,1874,True
19525,19548,True
20839,20842,True
11342,11354,True
9902,9921,True
24056,24067,True
22748,22753,True
2783,2792,True
29220,29253,True
9463,9470,True
2373,2399,True
17243,17247,True
11133,11136,True
27493,27497,True
11136,11141,True
11356,11373,True
16445,16449,True
24782,25046,True
13946,13948,True
1656,1711,True
4500,4920,True
6169,6176,True
11349,11370,True
24044,24070,True
14569,14570,True
11727,11730,True
6159,6168,True
2551,2563,True
24819,24820,True
12911,12914,True
6442,6456,True
11342,11367,True
15098,15099,True
18110,18121,True
13141,13147,True
12860,12868,True
12564,12577,True
9016,9023,True
13484,13486,True
15872,15890,True
19824,19830,True
17936,17941,True
24819,24941,True
12557,12574,True
11356,11386,True
9525,9543,True
19536,19548,True
2539,2566,True
2038,2055,True
2838,2862,True
13259,13260,True
13539,13543,True
12417,12419,True
23817,23855,True
15489,15492,True
15492,15497,True
16178,16239,True
10803,10806,True
29630,29635,True
13853,13854,True
12753,12755,True
13553,13562,True
12192,12193,True
29113,29116,True
3895,3897,True
13036,13043,True
11615,11623,True
6907,6919,True
18575,18584,True
2757,2765,True
8665,8698,True
11958,11962,True
10017,10018,True
4389,4405,True
17737,17744,True
27514,27515,True
10880,10881,True
9412,9615,True
1871,1891,True
16120,16126,True
1642,1802,True
11371,11384,True
13110,13113,True
29117,29127,True
13840,13898,True
3823,3849,True
12542,12548,True
18135,18140,True
1778,1784,True
18995,18998,True
16994,17003,True
29223,29230,True
7557,7566,True
12929,12930,True
18114,18202,True
19007,19008,True
27495,27515,True
22765,22786,True
27498,27520,True
14601,14605,True
8753,8760,True
21104,21879,True
18139,18151,True
3033,3063,True
6093,6311,True
30951,30958,True
21901,21930,True
23341,23363,True
12073,12083,True
13513,13516,True
9344,9349,True
6763,6779,True
18992,19006,True
2635,2650,True
25244,25466,True
29633,29636,True
12955,12959,True
11602,11643,True
10695,10710,True
18308,18310,True
7169,7174,True
17337,17355,True
12087,12102,True
25520,25522,True
13571,13578,True
18130,18159,True
13870,13874,True
10489,10497,True
8302,8312,True
2772,2776,True
4942,4957,True
10554,10562,True
17533,17536,True
5068,5069,True
17536,17541,True
20435,20457,True
11347,11366,True
13594,13602,True
14779,14782,True
19357,19605,True
11470,11473,True
21805,21831,True
18109,18113,True
24836,24866,True
11340,11363,True
16448,16452,True
2763,2784,True
13139,13143,True
30567,30577,True
6774,6779,True
35539,35556,True
12666,12667,True
12086,12092,True
10684,10685,True
7917,7925,True
12571,12578,True
15864,15879,True
32353,32354,True
28452,28453,True
25262,25324,True
15126,15132,True
32343,32346,True
12397,12398,True
23725,23729,True
23469,23480,True
30124,30128,True
21234,21318,True
3258,3261,True
28668,28687,True
18978,19033,True
12910,12919,True
16798,16807,True
4673,4674,True
11340,11376,True
14973,14974,True
10111,10126,True
24258,24579,True
24060,24069,True
16063,16065,True
20462,20694,True
14963,14966,True
11654,11657,True
3046,3499,True
20445,20461,True
6187,6406,True
4967,4976,True
6407,6409,True
6899,6908,True
11367,11371,True
5030,5032,True
8918,8920,True
6901,6917,True
26409,26410,True
2571,2573,True
9491,9492,True
2574,2578,True
11204,11205,True
2567,2575,True
30573,30583,True
11594,11619,True
1665,1720,True
13138,13146,True
25906,25910,True
24526,24528,True
11606,11629,True
25669,25674,True
12078,12082,True
14010,14014,True
14870,14872,True
6961,6981,True
5073,5092,True
10071,10309,True
27102,27104,True
1711,1728,True
17620,17628,True
1681,1785,True
13511,13512,True
35083,35285,True
11037,11041,True
8893,8997,True
5787,5788,True
12366,12377,True
1709,1739,True
18986,19004,True
5550,5552,True
2128,2137,True
12750,12754,True
23438,23459,True
12189,12192,True
2411,2425,True
19127,19128,True
17451,17455,True
15670,15692,True
13042,13047,True
25529,25532,True
13045,13052,True
11605,11619,True
25979,26034,True
17462,17469,True
18974,19007,True
16154,16155,True
25314,25351,True
22642,22663,True
25522,25529,True
10605,10606,True
22626,22655,True
13917,13920,True
26146,26147,True
9896,9917,True
9789,9791,True
25525,25534,True
14496,14499,True
20294,20560,True
27516,27521,True
18019,18033,True
18986,19017,True
4967,5473,True
12539,12547,True
25515,25526,True
35683,35707,True
17010,17015,True
1831,1863,True
14533,14539,True
19001,19002,True
19004,19007,True
13691,13698,True
13735,13741,True
15361,15364,True
11343,11366,True
28453,28454,True
18037,18171,True
23465,23467,True
2659,2661,True
16154,16168,True
24775,24790,True
12905,12910,True
13510,13515,True
25178,25180,True
21529,21537,True
25529,25666,True
18148,18160,True
35664,35707,True
13443,13461,True
8729,8740,True
11010,11018,True
24055,24356,True
9334,9345,True
10774,10778,True
11634,11636,True
14662,14666,True
30442,30452,True
31813,31822,True
7175,7178,True
11602,11603,True
16335,16337,True
18953,19203,True
13026,13028,True
11365,11367,True
11349,11359,True
13816,13827,True
24044,24059,True
18048,18050,True
14440,14445,True
26108,26110,True
6890,6901,True
11358,11364,True
1842,1863,True
13639,13642,True
20839,20844,True
11342,11356,True
13642,13647,True
17981,17996,True
28338,28342,True
9920,9940,True
6971,6974,True
30569,30570,True
12564,12566,True
6155,6159,True
18131,18169,True
34847,34872,True
5354,5356,True
21695,21704,True
6217,6219,True
16165,16168,True
18976,19200,True
2753,2807,True
5586,5598,True
1656,1713,True
6169,6178,True
18978,18980,True
3574,3939,True
11349,11372,True
3481,3482,True
14850,14851,True
14008,14010,True
18161,18169,True
17080,17083,True
13472,13478,True
12911,12916,True
11342,11369,True
19270,19273,True
23441,23449,True
12564,12579,True
12904,12913,True
15724,15728,True
13764,13771,True
9895,9896,True
19037,19156,True
14063,14067,True
21824,21831,True
18982,18991,True
15374,15386,True
11353,11383,True
20213,20250,True
35663,35673,True
19265,19279,True
20466,20467,True
11356,11388,True
22043,22134,True
11589,11596,True
35019,35113,True
16016,16021,True
13259,13262,True
24807,24825,True
16287,16292,True
3137,3160,True
17966,17970,True
5308,5603,True
11371,11373,True
22179,22180,True
10230,10236,True
12417,12421,True
14490,14521,True
21898,21901,True
11348,11389,True
13321,13322,True
1952,1953,True
12741,12747,True
9899,9907,True
21901,21906,True
20461,20473,True
5802,5845,True
11603,11615,True
10242,10246,True
31051,31057,True
13853,13856,True
1711,1783,True
18582,18589,True
18159,18257,True
9425,9435,True
13036,13045,True
9875,9900,True
12538,12539,True
11958,11964,True
28595,28603,True
13609,13617,True
2019,2020,True
14812,14814,True
11371,11386,True
13391,13394,True
18139,18140,True
20442,20473,True
13321,13335,True
9690,9746,True
18992,18995,True
18140,18257,True
14587,14588,True
12586,12593,True
22647,22648,True
1799,1845,True
12368,12370,True
12087,12091,True
11359,11389,True
1669,1735,True
14318,14319,True
30955,30958,True
9896,9972,True
27498,27522,True
22916,22957,True
11588,11626,True
30201,30203,True
13803,13809,True
13283,13285,True
17455,17457,True
1845,1853,True
3672,3695,True
13453,13467,True
12073,12085,True
15794,15796,True
7176,7179,True
2556,2588,True
18992,19008,True
12955,12961,True
13856,13857,True
14656,14664,True
11602,11645,True
6079,6085,True
19354,19360,True
4616,4668,True
17230,17231,True
4761,4763,True
19117,19124,True
23850,23858,True
12500,12502,True
2760,2768,True
13587,13588,True
17740,17747,True
13571,13580,True
18130,18161,True
13870,13876,True
26390,26575,True
9893,9916,True
30570,30571,True
13353,13357,True
25002,25009,True
35356,35609,True
3395,3400,True
13582,13594,True
19382,19664,True
16997,17006,True
28344,28350,True
12567,12569,True
21434,21890,True
28665,28671,True
22048,22049,True
2830,2840,True
15878,15887,True
11470,11475,True
18109,18115,True
11340,11365,True
16448,16454,True
2763,2786,True
13139,13145,True
12903,12905,True
30567,30579,True
1814,1819,True
14043,14046,True
24851,24853,True
19261,19266,True
20539,20637,True
18164,18172,True
19005,19017,True
1826,1829,True
12914,12919,True
13818,13820,True
13257,13258,True
32346,32353,True
6148,6174,True
17709,17713,True
23768,23778,True
6050,6053,True
14350,14354,True
11643,11645,True
11362,11366,True
17702,17710,True
13873,13877,True
14963,14968,True
12735,12745,True
12795,12796,True
11374,11376,True
13885,13887,True
1936,1943,True
13324,13325,True
1718,1720,True
29428,29437,True
13950,13952,True
2291,2292,True
12292,12296,True
2571,2575,True
14242,14245,True
6226,6228,True
1943,1959,True
35262,35276,True
17843,17847,True
9767,9779,True
14815,14817,True
17263,17272,True
15394,15396,True
7545,7556,True
18126,18135,True
1709,1728,True
30935,30937,True
23454,23456,True
13138,13148,True
9549,9556,True
14017,14019,True
32973,32999,True
24231,24316,True
17628,17629,True
26397,26415,True
14061,14062,True
8748,8753,True
17949,17950,True
2559,2578,True
19260,19269,True
14010,14016,True
23450,23458,True
5152,5158,True
2571,2588,True
24048,24087,True
13511,13514,True
6916,6917,True
26392,26421,True
1713,1739,True
16583,16587,True
13555,13557,True
12994,12995,True
22642,22652,True
27113,27120,True
9896,9906,True
9335,9344,True
11594,11634,True
14367,14374,True
14707,14708,True
8818,8825,True
18126,18148,True
35664,35683,True
18986,19006,True
5550,5554,True
13610,13614,True
21676,21748,True
12189,12194,True
15800,15804,True
16641,16649,True
26327,26332,True
35528,35529,True
25318,25351,True
17450,17461,True
2253,2255,True
21369,21453,True
20440,20495,True
18074,18079,True
25529,25534,True
1782,1852,True
29912,29926,True
13038,13051,True
13318,13334,True
26146,26149,True
25525,25536,True
19525,19526,True
15101,15106,True
18148,18149,True
5550,5567,True
14023,14025,True
17010,17017,True
2093,2094,True
14470,14485,True
5406,5522,True
9504,9516,True
10383,10387,True
2754,2779,True
13691,13700,True
1566,1567,True
13193,13194,True
6765,6774,True
9345,9348,True
1675,1739,True
24044,24048,True
24835,24843,True
9237,9293,True
13230,13234,True
13229,13238,True
6760,6780,True
17981,17985,True
18148,18162,True
31817,31822,True
23819,23822,True
18150,18171,True
14602,14617,True
10153,10167,True
30442,30454,True
13584,13587,True
4947,4957,True
10275,10278,True
12207,12210,True
26843,26854,True
11365,11369,True
19926,19940,True
3096,3135,True
17985,17996,True
22718,22730,True
16402,16514,True
26108,26112,True
13359,13361,True
18973,19039,True
11358,11366,True
13639,13644,True
17531,17533,True
9751,9756,True
29127,29322,True
30579,30580,True
11342,11358,True
34964,35274,True
28338,28344,True
11360,11375,True
18980,19200,True
35538,35546,True
12000,12001,True
16172,16173,True
12731,12745,True
18131,18171,True
17841,17843,True
20443,20472,True
26409,26575,True
17087,17088,True
21347,21373,True
11349,11374,True
3481,3484,True
19010,19200,True
5368,5377,True
14569,14574,True
30365,30368,True
23770,23771,True
14868,14870,True
2551,2567,True
6852,6853,True
18161,18171,True
13192,13197,True
26407,26421,True
10031,10052,True
2912,2923,True
19033,19039,True
3256,3258,True
6003,6009,True
14063,14069,True
30184,30185,True
17394,17396,True
11589,11598,True
27104,27113,True
18247,18251,True
13558,13560,True
5289,5326,True
28774,28779,True
13321,13324,True
29117,29118,True
14181,14182,True
16932,16934,True
7211,7213,True
13084,13088,True
15835,15840,True
11962,11964,True
3946,3947,True
13036,13047,True
9875,9902,True
9787,9789,True
12538,12541,True
28595,28605,True
10877,10880,True
7549,7558,True
34134,34146,True
11500,11502,True
14812,14816,True
11371,11388,True
20458,20483,True
14011,14013,True
13734,13735,True
13453,13456,True
23621,23637,True
16824,16825,True
11363,11389,True
18976,18989,True
8634,8655,True
1838,1839,True
9293,9294,True
13446,13453,True
13726,13736,True
35282,35299,True
4308,4312,True
4528,4544,True
6756,6767,True
9875,9915,True
4068,4071,True
22079,22085,True
12991,12994,True
18130,18150,True
24769,24790,True
19929,19930,True
5504,5506,True
12959,12961,True
14380,14381,True
34375,34450,True
1782,1799,True
4942,4948,True
13283,13287,True
18983,19005,True
17455,17459,True
13582,13583,True
17754,17755,True
24319,24446,True
25898,26223,True
9388,9396,True
4075,4087,True
26025,26035,True
19294,19311,True
25527,25529,True
13918,13919,True
17230,17233,True
1735,1808,True
23850,23860,True
11595,11644,True
12541,12542,True
9900,9921,True
11340,11354,True
19759,19761,True
30567,30568,True
25519,25530,True
30570,30573,True
1977,1987,True
16446,16454,True
18113,18115,True
17533,17540,True
29765,29772,True
9107,9130,True
13988,13991,True
11347,11370,True
12567,12571,True
24515,24519,True
35543,35558,True
11189,11198,True
4761,4778,True
2760,2783,True
11340,11367,True
2312,2327,True
25534,25666,True
2763,2788,True
27930,27931,True
13060,13083,True
13139,13147,True
19847,19887,True
2762,2792,True
9594,9598,True
19261,19268,True
24761,25046,True
24835,25032,True
2537,2566,True
17706,17710,True
13257,13260,True
9069,9080,True
17046,17142,True
25208,25213,True
11942,11943,True
17702,17712,True
28018,28020,True
2372,2391,True
13593,13596,True
22889,23030,True
11594,11610,True
29110,29157,True
6685,6687,True
1637,1649,True
10857,10859,True
16125,16129,True
35527,35684,True
20445,20465,True
14184,14185,True
7548,7550,True
11997,12000,True
2087,2114,True
13588,13602,True
22527,22533,True
12570,12572,True
11369,11384,True
12850,12855,True
24758,24761,True
6400,6410,True
11327,11387,True
1711,1719,True
1656,1783,True
12292,12298,True
20440,20471,True
12739,12758,True
26147,26148,True
13838,13898,True
9222,9271,True
22288,22409,True
1864,1897,True
9553,9556,True
12565,12578,True
29221,29230,True
12064,12067,True
9767,9781,True
8755,8758,True
11594,11623,True
15114,15115,True
14534,14540,True
18687,18699,True
12366,12368,True
18986,18995,True
23270,23637,True
12078,12086,True
18998,19005,True
15169,15172,True
3264,3271,True
11605,11610,True
29868,29872,True
12071,12083,True
13511,13516,True
26392,26423,True
13555,13559,True
12994,12997,True
13854,13855,True
18974,18998,True
17613,17629,True
13318,13323,True
10775,10779,True
13056,13057,True
17975,17981,True
20435,20490,True
17395,17406,True
31045,31053,True
11619,11629,True
18986,19008,True
21907,21912,True
17458,17462,True
5550,5556,True
23438,23463,True
29126,29127,True
13610,13616,True
17949,17965,True
15800,15806,True
3334,3343,True
12015,12016,True
13042,13051,True
25529,25536,True
11605,11623,True
30022,30029,True
11343,11357,True
1675,1728,True
17232,17240,True
18037,18162,True
9861,9927,True
3109,3117,True
13318,13336,True
19525,19528,True
15681,15683,True
18148,18151,True
24856,24891,True
11813,11922,True
2093,2096,True
10153,10156,True
8773,8774,True
18141,18148,True
15412,15414,True
11804,11809,True
11611,11643,True
23453,23461,True
13237,13239,True
28453,28458,True
23465,23471,True
12956,12960,True
17988,17990,True
24476,24498,True
31263,31265,True
12905,12914,True
29007,29017,True
20886,20910,True
7170,7175,True
30447,30450,True
28666,28687,True
11342,11347,True
22150,22154,True
8780,8790,True
17981,17987,True
26041,26047,True
20492,20498,True
11354,11357,True
20274,20275,True
11356,11366,True
13584,13589,True
18143,18170,True
18616,18619,True
19003,19028,True
20443,20461,True
15307,15310,True
11365,11371,True
11349,11363,True
6679,6685,True
7539,7543,True
2551,2556,True
34055,34297,True
26108,26114,True
9751,9758,True
26407,26410,True
3108,3147,True
6782,6783,True
18110,18114,True
17530,17539,True
23232,23855,True
16969,16977,True
3943,3948,True
12860,12861,True
9763,9997,True
12564,12570,True
12044,12046,True
12863,12866,True
8608,8696,True
11202,11205,True
30571,30583,True
13994,13995,True
30354,30356,True
13136,13146,True
13196,13197,True
18168,18176,True
11349,11376,True
12398,12399,True
14850,14855,True
15149,15151,True
8900,8925,True
14008,14014,True
14868,14872,True
35397,35400,True
2403,2405,True
31269,31271,True
15406,15487,True
17080,17087,True
29910,29911,True
13553,13555,True
35320,35338,True
18575,18577,True
3248,3261,True
8948,8979,True
16637,16638,True
33145,33163,True
9389,9395,True
13857,13858,True
23426,23451,True
18488,18544,True
6401,6407,True
13321,13326,True
19021,19044,True
14181,14184,True
16333,16348,True
11603,11619,True
13043,13052,True
35099,35167,True
4806,4807,True
14754,14756,True
8978,8979,True
27521,27524,True
1818,1849,True
9787,9791,True
12538,12543,True
5098,5100,True
8630,8646,True
29515,29516,True
27514,27521,True
4521,4530,True
8948,8992,True
27498,27513,True
20285,20786,True
14011,14015,True
26149,26383,True
20461,20490,True
14014,14020,True
3823,3855,True
12375,12377,True
18995,19004,True
8978,8992,True
22647,22652,True
1675,1783,True
12368,12374,True
13508,13515,True
1669,1739,True
27495,27521,True
27498,27526,True
15222,15224,True
14601,14611,True
22847,23356,True
9893,9907,True
10492,10495,True
12959,12963,True
26029,26035,True
33960,33981,True
18983,19007,True
16015,16028,True
23530,23534,True
15794,15800,True
1784,1810,True
12205,12208,True
14155,14157,True
4976,5473,True
13594,13595,True
23636,23637,True
17747,17754,True
19319,19343,True
13918,13921,True
21805,21824,True
25526,25535,True
1840,1863,True
19117,19128,True
2760,2772,True
12541,12544,True
20837,20844,True
11340,11356,True
13401,13402,True
2763,2777,True
29928,29940,True
19023,19200,True
17739,17755,True
27520,27527,True
25519,25532,True
30567,30570,True
6994,7004,True
4943,5417,True
32999,33017,True
9332,9358,True
2756,2774,True
13693,13695,True
5396,5399,True
15303,15310,True
35513,35533,True
16443,16451,True
5865,5877,True
11347,11372,True
14848,14851,True
28665,28675,True
26497,26503,True
3110,3127,True
1821,1863,True
24839,24847,True
9021,9028,True
11340,11369,True
25069,25080,True
5684,5694,True
6002,6003,True
13763,13767,True
4026,4038,True
7186,7187,True
12086,12098,True
6152,6176,True
25153,25158,True
6757,6781,True
18164,18176,True
28953,28970,True
1617,1659,True
6917,6918,True
25519,25666,True
13257,13262,True
17706,17712,True
14161,14163,True
18140,18169,True
18978,19039,True
5470,5482,True
2161,2173,True
11362,11370,True
15830,15833,True
2567,2568,True
12735,12749,True
12795,12800,True
24255,24287,True
20275,20285,True
2777,2792,True
13138,13139,True
4088,4111,True
6949,6964,True
18144,18180,True
12296,12298,True
14228,14230,True
17215,17222,True
26397,26406,True
14810,14814,True
11369,11386,True
20570,20583,True
1739,1783,True
25662,25664,True
6163,6176,True
15944,15948,True
12071,12072,True
14822,14824,True
12934,12935,True
13444,13451,True
22645,22648,True
9896,9897,True
14068,14069,True
12366,12370,True
18126,18139,True
11357,11389,True
18488,18491,True
2411,2418,True
35363,35453,True
20463,20470,True
27959,27963,True
12071,12085,True
15792,15796,True
26392,26425,True
13555,13561,True
13854,13857,True
13038,13042,True
32829,32850,True
13318,13325,True
25525,25527,True
15804,15806,True
17395,17408,True
19115,19124,True
8071,8077,True
12539,12540,True
21847,21863,True
25515,25519,True
18318,18322,True
13068,13069,True
26141,26146,True
13694,13696,True
35343,35487,True
29775,29925,True
17232,17242,True
10637,10645,True
11343,11359,True
13167,13169,True
3109,3119,True
29114,29132,True
7057,7058,True
11597,11626,True
3338,3356,True
14319,14320,True
2093,2098,True
12942,12943,True
26141,26159,True
11804,11811,True
11611,11645,True
4947,4948,True
18143,18159,True
13007,13008,True
13234,13236,True
18225,18228,True
13237,13241,True
17985,17987,True
22718,22721,True
34971,35039,True
20455,20460,True
13299,13301,True
12905,12916,True
1649,1690,True
29120,29125,True
11342,11349,True
20457,20506,True
23117,23140,True
13229,13242,True
6760,6784,True
14669,14675,True
19528,19548,True
16339,16341,True
2783,2787,True
17744,17753,True
18131,18162,True
14602,14621,True
13354,13358,True
20274,20277,True
4944,4956,True
19391,19664,True
2776,2784,True
1663,1709,True
2258,2858,True
2839,2840,True
20319,20922,True
11365,11373,True
11349,11365,True
14855,14922,True
15316,15317,True
1719,1762,True
6080,6099,True
6679,6687,True
6159,6163,True
18161,18162,True
12612,12613,True
14219,14223,True
6162,6168,True
35608,35609,True
18138,18178,True
17231,17245,True
11342,11362,True
11770,11772,True
18110,18116,True
17530,17541,True
13141,13142,True
3151,3196,True
23028,23044,True
12564,12572,True
15872,15885,True
14854,14855,True
17841,17847,True
13136,13148,True
15290,15385,True
4619,4620,True
1656,1719,True
17947,17950,True
9370,9371,True
24858,25049,True
17950,17955,True
14008,14016,True
8376,8698,True
26390,26421,True
19379,19680,True
22455,22458,True
13553,13557,True
18153,18176,True
16345,16347,True
7443,7446,True
13036,13038,True
2757,2760,True
19107,19113,True
13047,13052,True
10019,10022,True
5592,5597,True
7183,7199,True
16119,16125,True
6401,6409,True
14181,14186,True
12744,12758,True
12542,12543,True
18116,18122,True
29910,29926,True
16994,16998,True
24774,24775,True
25312,25353,True
13036,13051,True
23319,23448,True
2568,2578,True
13316,13334,True
13168,13170,True
6907,6927,True
24537,24539,True
19268,19273,True
13439,13441,True
1669,1728,True
15679,15681,True
13158,13162,True
20465,20490,True
13731,13734,True
14011,14017,True
23508,23764,True
22329,22372,True
6763,6774,True
1567,1572,True
5496,5498,True
18135,18148,True
12075,12087,True
18995,19006,True
13993,14084,True
19294,19302,True
3838,3842,True
14605,14611,True
20472,20506,True
21805,21813,True
2760,2761,True
3897,3927,True
10489,10492,True
21070,21071,True
15222,15226,True
6084,6314,True
10492,10497,True
30201,30209,True
25540,25580,True
17751,17754,True
13582,13587,True
25534,25536,True
26841,26854,True
10484,10498,True
32040,32061,True
4768,4772,True
22716,22730,True
3866,3917,True
18308,18318,True
28668,28669,True
13638,13640,True
11750,11751,True
21137,21138,True
11340,11358,True
13401,13404,True
16451,16452,True
25519,25534,True
20987,21544,True
30570,30577,True
18681,18684,True
35318,35323,True
12571,12573,True
14855,14856,True
3057,3118,True
16506,16509,True
15126,15127,True
8564,8670,True
22114,22409,True
11347,11374,True
13468,13471,True
14567,14574,True
23768,23771,True
18159,18171,True
14611,14617,True
2161,2162,True
11340,11371,True
24851,24859,True
10495,10498,True
19827,20178,True
14106,14108,True
6152,6178,True
19024,19036,True
16336,16340,True
11606,11611,True
13818,13826,True
13537,13547,True
18989,19200,True
3267,3318,True
11413,11418,True
18140,18171,True
13880,13886,True
6163,6165,True
13083,13084,True
26112,26118,True
11362,11372,True
11381,11385,True
1672,1718,True
1663,1669,True
24060,24077,True
28213,28236,True
29180,29220,True
17931,17953,True
13936,13939,True
2374,2404,True
17263,17265,True
11594,11614,True
7545,7549,True
13138,13141,True
16125,16133,True
20445,20469,True
12577,12579,True
2559,2571,True
19260,19262,True
26415,26425,True
5029,5044,True
14810,14816,True
11369,11388,True
12570,12576,True
9412,9436,True
29509,29516,True
6163,6178,True
23440,23443,True
26392,26414,True
15682,15684,True
11554,11555,True
22642,22645,True
14566,14577,True
17613,17620,True
35327,35640,True
9896,9899,True
26143,26383,True
15719,15724,True
18126,18141,True
23438,23454,True
16641,16642,True
1669,1783,True
8530,8536,True
13282,13283,True
23431,23451,True
13001,13004,True
20182,20193,True
2385,2404,True
13281,13287,True
11605,11614,True
13045,13047,True
16933,16935,True
2123,2138,True
12071,12087,True
1782,1845,True
11384,11386,True
11343,11348,True
1675,1719,True
13555,13563,True
26023,26035,True
13038,13044,True
1669,1675,True
17465,17469,True
22645,22663,True
25525,25529,True
30273,30275,True
13916,13919,True
3338,3345,True
9492,9499,True
12539,12542,True
13399,13400,True
12750,12762,True
10040,10041,True
14492,14496,True
9504,9509,True
26141,26148,True
11372,11389,True
13691,13693,True
23623,23634,True
13694,13698,True
13735,13736,True
12594,12599,True
13965,13969,True
17232,17244,True
2035,2038,True
30324,30334,True
15127,15128,True
29007,29008,True
13229,13231,True
6760,6773,True
14602,14610,True
8773,8778,True
26141,26161,True
30442,30447,True
8624,8655,True
23453,23465,True
13004,13005,True
19303,19311,True
18143,18161,True
9906,9916,True
1868,1874,True
17705,17706,True
14957,14959,True
16564,16569,True
12956,12964,True
11349,11354,True
22718,22723,True
24044,24054,True
13447,13467,True
17748,17753,True
11859,11870,True
19866,20104,True
31263,31269,True
12738,12741,True
1971,1972,True
11358,11359,True
7170,7179,True
2459,2958,True
17978,17986,True
9902,9918,True
17981,17991,True
22817,22850,True
20842,20844,True
15311,15312,True
17243,17244,True
13354,13360,True
1663,1711,True
4507,4920,True
2776,2786,True
14365,14387,True
11356,11370,True
23623,23889,True
13136,13137,True
20443,20465,True
13366,13370,True
13586,13602,True
13665,13666,True
11349,11367,True
4640,4668,True
3955,4565,True
12848,12855,True
26407,26414,True
21138,21148,True
8926,9090,True
28338,28350,True
10903,10913,True
10686,10915,True
9595,9599,True
14495,14510,True
19262,19269,True
6217,6227,True
5356,5373,True
30353,30364,True
18168,18180,True
13539,13540,True
22363,22750,True
11348,11384,True
16869,16871,True
22648,22653,True
6335,6340,True
11603,11610,True
26390,26423,True
29630,29632,True
22455,22460,True
18582,18584,True
13553,13559,True
10112,10131,True
16345,16349,True
9535,9561,True
17936,17951,True
13335,13336,True
18575,18581,True
2757,2762,True
11359,11371,True
11589,11604,True
16637,16642,True
25208,25406,True
9159,9166,True
17947,17965,True
20458,20476,True
1873,1897,True
16122,16132,True
2573,2574,True
3672,3677,True
11603,11623,True
10056,10064,True
5087,5090,True
23331,23339,True
13402,13403,True
35519,35528,True
18121,18202,True
29910,29928,True
12866,12871,True
20173,20199,True
6756,6760,True
13316,13336,True
24537,24541,True
25397,25399,True
26405,26421,True
11359,11384,True
5678,5679,True
15679,15683,True
15099,15108,True
24854,24891,True
27514,27525,True
18130,18143,True
14601,14602,True
15669,15675,True
13501,13503,True
22114,22264,True
10423,10652,True
18139,18148,True
17392,17396,True
14011,14019,True
25339,25350,True
18983,18998,True
30951,30955,True
7113,7118,True
9905,9908,True
3300,3818,True
26841,26843,True
8168,8188,True
9388,9389,True
1907,1908,True
13276,13277,True
13556,13560,True
18995,19008,True
25315,25343,True
19117,19119,True
2760,2763,True
11340,11347,True
2763,2768,True
13870,13871,True
26039,26047,True
18130,18156,True
25519,25523,True
24098,24103,True
14601,14615,True
9893,9911,True
31922,31923,True
20272,20275,True
10835,10838,True
1733,1849,True
2774,2782,True
17455,17465,True
13582,13589,True
13346,13349,True
24935,24950,True
15794,15804,True
8965,9003,True
6577,6599,True
10037,10040,True
16956,16963,True
2767,2779,True
28344,28345,True
30792,30800,True
9888,9917,True
28665,28666,True
3627,3637,True
12075,12102,True
11347,11363,True
6897,6954,True
28668,28671,True
15878,15882,True
4761,4771,True
2760,2776,True
12541,12548,True
13139,13140,True
25519,25536,True
30570,30579,True
12086,12089,True
15413,15415,True
14316,14321,True
34432,34451,True
28675,28687,True
8017,8045,True
13197,13202,True
28454,28459,True
11347,11376,True
14848,14855,True
13540,13541,True
24909,24910,True
14031,14044,True
24839,24851,True
17702,17705,True
5753,5761,True
31311,31314,True
13832,13834,True
15184,15191,True
10569,10678,True
11594,11603,True
7186,7191,True
14966,14968,True
20275,20276,True
20483,20979,True
24484,24515,True
13588,13595,True
3117,3147,True
14441,14450,True
15881,15883,True
35269,35274,True
1714,1717,True
2574,2575,True
30580,30583,True
12742,12756,True
11362,11374,True
1672,1720,True
22049,22120,True
18993,19028,True
13145,13146,True
12565,12571,True
12751,12761,True
2567,2572,True
30573,30580,True
20294,20302,True
14814,14816,True
18126,18130,True
13138,13143,True
25906,25907,True
13418,13426,True
2761,2788,True
26103,26421,True
26397,26410,True
2559,2573,True
11218,11221,True
1688,1785,True
12078,12079,True
19259,19268,True
14570,14577,True
8681,8694,True
14589,14590,True
25662,25668,True
26147,26383,True
2574,2588,True
30951,30997,True
35083,35282,True
22642,22647,True
1817,1828,True
6005,6008,True
13277,13278,True
14925,14926,True
13444,13455,True
22645,22652,True
22089,22434,True
22985,22986,True
17395,17399,True
12366,12374,True
23438,23456,True
14130,14133,True
11048,11052,True
18988,19047,True
23508,23700,True
23308,23346,True
12078,12092,True
9371,9383,True
13042,13044,True
20462,20478,True
16933,16937,True
15792,15800,True
11384,11388,True
1666,1672,True
18974,19004,True
25522,25526,True
2957,2982,True
13318,13329,True
29114,29123,True
4416,4428,True
13916,13921,True
35305,35307,True
16708,16711,True
19115,19128,True
13680,13681,True
12539,12544,True
13399,13402,True
22209,22219,True
14492,14498,True
14813,14819,True
10811,10829,True
11611,11636,True
13691,13695,True
8643,8657,True
23623,23636,True
13694,13700,True
32842,32850,True
14825,14829,True
18996,19005,True
15127,15130,True
16154,16165,True
20675,20720,True
13447,13456,True
17619,17628,True
20275,20786,True
13510,13512,True
12089,12092,True
1759,1812,True
15189,15190,True
10774,10775,True
14602,14612,True
23453,23467,True
11356,11359,True
24362,24446,True
11346,11351,True
22333,22389,True
17985,17991,True
11349,11356,True
24605,24618,True
17988,17996,True
21389,21537,True
15861,15862,True
12738,12743,True
29120,29129,True
13642,13644,True
17530,17532,True
34964,35269,True
35024,35320,True
28338,28339,True
14495,14499,True
13373,13375,True
1663,1713,True
2776,2788,True
2048,2049,True
11356,11372,True
3959,4565,True
13136,13139,True
12575,12577,True
25516,25535,True
22894,22927,True
10038,10050,True
11349,11369,True
23253,23274,True
15130,15131,True
13989,13994,True
11348,11373,True
14499,14510,True
20586,20637,True
18998,19040,True
25099,25102,True
11360,11383,True
11253,11257,True
12860,12867,True
18172,18180,True
21484,21494,True
6217,6229,True
11526,11537,True
6340,6528,True
12969,12975,True
16016,16018,True
18149,18169,True
23257,23258,True
13539,13542,True
28326,28355,True
11348,11386,True
9221,9252,True
20442,20457,True
27097,27105,True
13043,13045,True
26390,26425,True
2786,2792,True
13553,13561,True
18153,18180,True
13036,13042,True
13316,13325,True
2545,2585,True
11359,11373,True
1669,1719,True
6969,6978,True
20449,20473,True
9780,9781,True
13952,13953,True
15092,15094,True
16119,16129,True
13110,13112,True
20458,20478,True
15322,15327,True
18570,18589,True
13154,13155,True
18147,18257,True
11733,11735,True
16122,16134,True
20460,20487,True
26413,26422,True
6763,6765,True
11363,11384,True
16189,16309,True
14823,14825,True
18135,18139,True
4806,4813,True
11366,11389,True
13726,13731,True
1620,1840,True
29112,29132,True
13168,13174,True
16237,16242,True
26405,26423,True
11359,11386,True
12367,12371,True
27495,27514,True
15398,15406,True
13221,13222,True
1852,1853,True
25390,25398,True
18139,18150,True
16551,16553,True
17392,17398,True
5503,5505,True
21197,21288,True
6577,6588,True
10484,10489,True
18992,19005,True
29633,29635,True
26025,26030,True
13276,13279,True
14656,14661,True
12075,12091,True
23136,23307,True
1907,1910,True
22716,22721,True
13556,13562,True
20435,20443,True
8914,8946,True
13578,13580,True
14605,14615,True
19117,19121,True
17957,17971,True
2760,2765,True
11340,11349,True
13000,13051,True
17459,17465,True
2649,2668,True
13870,13873,True
25519,25525,True
22257,22328,True
17742,17753,True
13353,13354,True
33450,33471,True
35356,35606,True
20272,20277,True
35340,35369,True
12536,12543,True
16443,16444,True
22203,22213,True
29123,29132,True
9473,9475,True
15794,15806,True
10018,10029,True
17536,17540,True
2039,2042,True
11347,11365,True
28665,28668,True
18308,18322,True
23314,23363,True
11189,11193,True
1719,1808,True
35606,35609,True
11340,11362,True
17528,17541,True
1751,1760,True
5684,5687,True
13139,13142,True
6544,6545,True
2372,2373,True
2762,2787,True
35539,35555,True
18681,18688,True
6152,6169,True
2544,2564,True
12385,12387,True
13238,13242,True
4056,4058,True
5461,5470,True
6901,6903,True
12957,12963,True
17709,17710,True
18156,18170,True
13540,13543,True
18140,18162,True
19360,19363,True
14611,14621,True
24839,24853,True
11362,11363,True
1751,1773,True
13873,13874,True
14692,14694,True
18511,18519,True
14963,14965,True
11594,11605,True
15826,15828,True
18274,18283,True
26054,26060,True
1728,1762,True
29926,29940,True
16336,16344,True
9507,9543,True
13607,13610,True
11606,11615,True
22527,22528,True
1869,1886,True
17539,17541,True
10490,10508,True
14117,14126,True
6901,6916,True
6961,6967,True
12292,12293,True
2571,2572,True
7304,7306,True
13319,13328,True
6163,6169,True
11362,11376,True
13145,13148,True
12565,12573,True
9124,9145,True
12864,12869,True
2567,2574,True
23359,23445,True
13138,13145,True
25906,25909,True
13418,13428,True
9549,9553,True
14297,14299,True
26103,26423,True
16449,16463,True
8748,8750,True
33105,33115,True
2559,2575,True
2578,2588,True
29428,29447,True
12078,12081,True
19259,19270,True
14870,14871,True
5672,5679,True
22350,22356,True
23449,23496,True
12912,12923,True
27672,27862,True
1694,1723,True
29634,29636,True
11037,11040,True
14408,14409,True
28017,28018,True
12366,12376,True
19115,19117,True
24856,24873,True
5509,5513,True
14130,14135,True
12750,12753,True
13569,13573,True
2559,2588,True
16641,16646,True
8885,8997,True
30199,30209,True
13042,13046,True
13045,13051,True
13325,13334,True
17213,17222,True
17232,17235,True
13107,13111,True
18974,19006,True
13318,13331,True
14496,14498,True
16629,16649,True
9492,9503,True
9879,9912,True
13399,13404,True
10371,10374,True
12084,12087,True
19004,19006,True
5615,5629,True
9563,9568,True
14595,14598,True
13473,13474,True
9906,9907,True
18037,18170,True
6767,6780,True
1719,1742,True
24476,24493,True
18996,19007,True
29911,29940,True
15127,15132,True
18973,19023,True
13450,13463,True
19525,19536,True
13510,13514,True
19008,19017,True
13232,13240,True
13572,13574,True
17744,17746,True
11010,11017,True
24471,24499,True
13802,13807,True
14602,14614,True
25243,25244,True
15398,15487,True
17712,17713,True
2776,2777,True
14964,14966,True
6755,6783,True
23771,23778,True
2586,2616,True
29124,29129,True
11365,11366,True
11349,11358,True
13876,13877,True
24044,24058,True
30797,30800,True
31657,31658,True
13639,13641,True
5862,5869,True
12782,12788,True
10330,10332,True
10500,10514,True
35538,35543,True
26041,26055,True
22748,22754,True
3404,3406,True
12564,12565,True
13934,13939,True
23415,23419,True
11356,11374,True
15884,15888,True
25025,25034,True
21668,22243,True
13136,13141,True
20443,20469,True
12575,12579,True
5586,5597,True
29115,29322,True
18826,18851,True
14569,14571,True
14008,14009,True
12911,12915,True
5554,5766,True
18110,18122,True
19047,19200,True
8944,9148,True
12904,12912,True
15724,15727,True
11596,11598,True
26397,26575,True
19262,19273,True
9078,9084,True
13546,13547,True
4389,4393,True
30353,30368,True
3248,3256,True
18149,18171,True
16337,16341,True
1706,1775,True
24554,24644,True
3030,3033,True
11371,11372,True
13838,13840,True
11348,11388,True
17449,17450,True
11301,11313,True
24069,24077,True
20461,20472,True
17212,17214,True
18872,18916,True
28020,28021,True
13043,13047,True
11603,11614,True
13903,13905,True
11363,11373,True
13553,13563,True
8785,8808,True
13036,13044,True
2568,2571,True
5319,5323,True
27514,27516,True
18151,18257,True
13142,13147,True
24769,24774,True
14812,14813,True
14531,14534,True
11370,11389,True
9842,9843,True
20442,20472,True
14014,14015,True
17902,17903,True
23621,23634,True
24522,24530,True
35050,35054,True
11363,11386,True
18135,18141,True
30364,30368,True
29223,29231,True
15727,15728,True
1620,1842,True
26405,26425,True
13508,13510,True
23456,23459,True
12947,12948,True
11359,11388,True
12367,12373,True
27495,27516,True
35366,35640,True
18130,18147,True
14601,14606,True
13800,13803,True
26029,26030,True
14660,14661,True
9395,9396,True
13283,13284,True
11862,11864,True
20483,20486,True
15794,15795,True
13046,13048,True
7176,7178,True
27493,27527,True
15797,15800,True
4627,5055,True
5496,5504,True
14656,14663,True
18162,18257,True
3627,3628,True
22716,22723,True
11347,11354,True
14605,14617,True
25526,25530,True
19117,19123,True
29118,29127,True
9900,9918,True
20837,20839,True
13640,13642,True
2763,2772,True
19006,19026,True
18130,18160,True
27520,27522,True
25519,25527,True
6994,6999,True
19929,19940,True
18101,18102,True
35356,35608,True
18980,19010,True
6477,6480,True
13352,13360,True
10236,10254,True
2755,2773,True
25259,25307,True
16443,16446,True
23621,23889,True
9113,9134,True
16446,16451,True
17533,17537,True
4768,4778,True
19382,19663,True
11347,11367,True
28665,28670,True
15128,15129,True
18156,18159,True
28668,28675,True
11340,11364,True
10032,10050,True
26600,26626,True
14043,14045,True
9594,9595,True
24851,24852,True
13762,13766,True
10734,10736,True
5746,5749,True
13765,13771,True
30314,30334,True
20445,20449,True
23457,23471,True
19928,19930,True
14615,14621,True
17053,17142,True
21535,21540,True
1869,1875,True
31986,32009,True
22158,22162,True
17709,17712,True
18906,19158,True
11860,11871,True
1783,1808,True
2741,2743,True
12783,12785,True
11362,11365,True
17702,17709,True
23190,23248,True
24410,24412,True
13873,13876,True
12455,12461,True
13595,13602,True
2777,2787,True
16125,16126,True
23270,23621,True
3035,3082,True
18144,18175,True
24484,24519,True
1663,1783,True
29428,29436,True
13178,13206,True
13950,13951,True
6901,6918,True
12850,12852,True
15881,15887,True
2571,2574,True
12572,12578,True
26392,26407,True
19049,19156,True
14242,14244,True
6226,6227,True
14566,14570,True
24041,24070,True
12565,12575,True
18132,18178,True
18986,18992,True
23454,23455,True
13138,13147,True
23270,23634,True
11357,11384,True
2761,2792,True
26103,26425,True
17048,17053,True
8748,8752,True
1831,1838,True
3438,3448,True
2562,2582,True
12683,12688,True
17620,17629,True
15493,15495,True
3563,3564,True
13511,13513,True
18244,18247,True
24520,24539,True
5495,5496,True
13555,13556,True
15795,15796,True
13835,13839,True
18974,18995,True
20801,20874,True
1817,1832,True
13318,13320,True
22985,22990,True
28017,28020,True
19115,19119,True
2522,2523,True
16131,16132,True
5509,5515,True
12750,12755,True
12189,12193,True
13042,13048,True
24070,24087,True
24054,24079,True
13325,13336,True
13344,13349,True
15792,15804,True
26414,26421,True
10637,10640,True
18037,18159,True
1735,1739,True
13107,13113,True
18974,19008,True
16154,16156,True
2374,2894,True
10605,10607,True
28666,28671,True
10929,10933,True
27525,27534,True
30317,30324,True
3338,3351,True
23270,23889,True
12539,12548,True
12838,12844,True
13443,13449,True
1513,1518,True
15929,15930,True
10246,10381,True
26141,26383,True
29002,29007,True
15673,15681,True
2883,2892,True
19004,19008,True
15131,15132,True
2404,2894,True
13454,13463,True
8015,8045,True
17405,17407,True
12956,12957,True
15168,15172,True
13510,13516,True
14370,14374,True
17398,17404,True
22150,22151,True
13229,13237,True
2512,2548,True
24837,24851,True
20539,20570,True
13443,13462,True
17744,17748,True
18150,18170,True
25243,25246,True
13874,13877,True
4285,4312,True
30442,30453,True
23582,23585,True
23453,23471,True
9897,9917,True
12084,12102,True
13584,13586,True
2385,2894,True
11356,11363,True
14964,14968,True
15161,15253,True
13886,13887,True
25516,25526,True
11346,11355,True
13586,13595,True
11409,11411,True
11629,11643,True
17537,17539,True
20694,20979,True
14440,14446,True
9751,9755,True
13639,13643,True
11411,11420,True
14483,14493,True
18110,18111,True
17530,17536,True
2764,2782,True
22066,22399,True
12564,12567,True
18131,18170,True
13704,13708,True
13143,13146,True
30571,30580,True
6885,6908,True
11356,11376,True
20462,20979,True
13136,13143,True
20478,20694,True
11610,11643,True
14270,14277,True
14569,14573,True
14008,14011,True
18161,18170,True
22606,22649,True
8723,8737,True
30559,30583,True
10954,10965,True
18242,18243,True
3492,3497,True
23170,23630,True
10156,10167,True
14063,14068,True
28136,28306,True
11359,11364,True
14406,14407,True
3248,3258,True
20465,20472,True
22043,22135,True
11589,11597,True
2299,2816,True
11371,11374,True
16119,16120,True
20442,20461,True
13321,13323,True
11433,11434,True
16333,16345,True
23621,23623,True
22631,22655,True
18242,18256,True
20025,20028,True
15037,15041,True
35282,35285,True
13036,13046,True
6176,6178,True
2568,2573,True
13316,13329,True
29112,29123,True
13376,13380,True
23016,23176,True
1666,1718,True
3018,3038,True
12298,12299,True
12020,12025,True
14812,14815,True
18139,18141,True
16119,16133,True
22786,22835,True
34375,34436,True
8641,8657,True
14014,14017,True
23621,23636,True
9712,9735,True
6763,6769,True
18992,18996,True
11363,11388,True
14823,14829,True
18976,18988,True
13726,13735,True
23314,23341,True
14605,14606,True
27521,27534,True
9557,9568,True
16237,16246,True
24017,24023,True
13508,13512,True
9919,9920,True
12367,12375,True
17399,17405,True
12991,12993,True
18130,18149,True
26039,26040,True
14601,14608,True
27497,27527,True
9332,9342,True
14660,14663,True
14383,14385,True
6083,6084,True
5503,5509,True
4942,4947,True
18983,19004,True
4047,4068,True
14143,14144,True
17455,17458,True
12082,12098,True
4085,4094,True
11581,11587,True
13002,13007,True
15794,15797,True
5496,5506,True
19124,19128,True
16376,16381,True
6920,6931,True
11347,11356,True
15667,15692,True
17747,17751,True
18994,19018,True
18978,19010,True
25526,25532,True
13322,13335,True
14368,14383,True
13681,13682,True
13640,13644,True
17459,17469,True
13870,13877,True
25519,25529,True
12536,12547,True
13582,13595,True
16443,16448,True
23624,23637,True
17533,17539,True
11477,11479,True
15365,15367,True
11347,11369,True
22716,22738,True
18156,18161,True
23469,23470,True
15128,15131,True
14567,14569,True
18978,19023,True
14611,14612,True
26799,26801,True
24839,24844,True
1581,1582,True
13060,13082,True
19658,19950,True
2955,2957,True
11251,11257,True
2674,2678,True
13762,13768,True
16853,16854,True
1917,1918,True
25526,25666,True
18144,18164,True
11587,11593,True
18147,18169,True
6898,6902,True
13818,13821,True
17706,17709,True
24865,24873,True
11369,11370,True
23636,23889,True
4399,4630,True
2379,2393,True
12739,12744,True
16631,16633,True
11362,11367,True
28018,28019,True
14973,14977,True
11705,11706,True
24041,24059,True
6975,6977,True
12735,12746,True
24964,24973,True
23262,23274,True
8925,8926,True
23270,23623,True
11357,11373,True
9416,9429,True
26103,26414,True
6407,6412,True
13607,13614,True
7547,7553,True
23816,23833,True
19007,19040,True
13947,13948,True
13950,13953,True
19259,19261,True
5029,5039,True
12850,12854,True
12292,12297,True
26392,26409,True
18111,18121,True
15102,15104,True
15382,15387,True
2765,2792,True
13725,13727,True
12565,12577,True
11364,11389,True
14909,14911,True
12366,12367,True
12687,12688,True
24820,24941,True
23270,23636,True
11357,11386,True
13736,13741,True
8748,8754,True
22357,22363,True
1831,1840,True
13263,13265,True
1745,1773,True
13281,13282,True
18126,18257,True
15493,15497,True
6916,6918,True
24520,24541,True
22973,22982,True
15792,15793,True
18037,18148,True
13555,13558,True
26023,26030,True
22642,22653,True
23442,23460,True
3477,3499,True
13318,13322,True
22985,22992,True
19115,19121,True
8071,8074,True
24006,24212,True
16131,16134,True
17457,17465,True
24058,24079,True
34806,34835,True
13499,13518,True
26141,26143,True
11372,11384,True
3334,3342,True
2754,2767,True
20399,20428,True
13111,13113,True
28592,28603,True
13675,13680,True
23623,23629,True
24356,24446,True
12834,12835,True
25529,25535,True
1782,1853,True
15792,15806,True
11604,11626,True
10016,10029,True
18037,18161,True
26414,26423,True
16116,16132,True
9385,9408,True
13318,13335,True
1517,1518,True
13450,13454,True
24258,24261,True
21696,21704,True
15681,15682,True
18148,18150,True
18115,18202,True
2572,2588,True
26148,26159,True
25927,25931,True
13462,13464,True
1513,1520,True
18150,18159,True
14602,14605,True
1856,1859,True
15673,15683,True
12084,12091,True
13691,13701,True
18143,18156,True
9893,9972,True
14614,14615,True
9906,9911,True
26406,26575,True
6878,6881,True
19926,19928,True
1568,1577,True
35634,35646,True
12956,12959,True
13236,13242,True
6767,6784,True
4936,5466,True
10778,10779,True
29120,29122,True
13229,13239,True
16090,16092,True
24837,24853,True
14653,14664,True
19121,19127,True
17980,17990,True
1582,1633,True
2783,2784,True
18131,18159,True
1733,1802,True
18298,18336,True
13871,13874,True
2373,2391,True
11933,11935,True
11353,11360,True
11356,11365,True
18143,18169,True
19003,19027,True
1637,1690,True
1728,1808,True
20445,20506,True
11349,11362,True
11629,11645,True
17537,17541,True
12848,12850,True
1971,1980,True
20886,20922,True
26407,26409,True
18110,18113,True
28338,28345,True
5925,5929,True
19379,19664,True
2291,2335,True
12564,12569,True
13143,13148,True
35540,35556,True
11202,11204,True
15374,15376,True
11614,11643,True
1663,1719,True
30933,30934,True
13136,13145,True
18149,18162,True
5359,5373,True
18168,18175,True
25664,25668,True
14040,14046,True
2671,2677,True
26675,26695,True
11610,11645,True
1760,1773,True
8960,8975,True
14868,14871,True
23470,23480,True
28669,28687,True
10724,10734,True
12911,12919,True
11603,11605,True
14675,14678,True
24843,24859,True
19461,19487,True
21701,21727,True
14063,14070,True
13316,13318,True
9078,9088,True
11359,11366,True
8948,8978,True
26357,26362,True
7139,7153,True
11371,11376,True
16639,16646,True
17950,17965,True
18570,18582,True
14181,14183,True
13620,13621,True
16333,16347,True
3111,3147,True
13043,13051,True
2575,2578,True
13323,13334,True
11962,11965,True
20472,20490,True
2568,2575,True
13316,13331,True
1666,1720,True
13035,13052,True
19268,19270,True
14239,14245,True
25907,25910,True
16750,16756,True
25670,25674,True
10640,10645,True
18980,18988,True
18139,18143,True
14011,14014,True
14014,14019,True
2405,2409,True
13172,13178,True
2556,2578,True
18992,18998,True
12075,12084,True
3085,3107,True
13559,13560,True
14605,14608,True
28214,28254,True
5369,5390,True
6589,6591,True
2568,2588,True
13508,13514,True
11340,11342,True
3491,3502,True
23335,23402,True
24646,24950,True
12367,12377,True
17399,17407,True
12991,12995,True
19006,19017,True
18130,18151,True
17742,17746,True
19929,19931,True
9893,9906,True
25909,25932,True
17392,17404,True
20444,20791,True
14383,14387,True
18491,18544,True
15671,15692,True
18983,19006,True
22723,22730,True
13582,13584,True
13046,13052,True
29122,29129,True
10484,10495,True
15797,15804,True
5288,5293,True
1828,1852,True
16638,16649,True
26324,26332,True
11347,11358,True
12828,12829,True
3066,3070,True
15856,15859,True
25315,25351,True
35543,35546,True
29115,29126,True
3156,3229,True
10310,10315,True
13918,13920,True
13357,13358,True
25526,25534,True
14368,14385,True
2763,2776,True
12540,12547,True
26039,26055,True
27520,27526,True
17739,17754,True
30567,30569,True
2305,2312,True
6152,6162,True
25554,25717,True
13693,13694,True
20425,20791,True
1728,1742,True
19005,19007,True
1784,1822,True
34435,34451,True
2660,2661,True
3627,3645,True
14848,14850,True
11347,11371,True
14567,14571,True
17046,17130,True
14611,14614,True
5552,5766,True
12673,12675,True
13060,13084,True
6764,6783,True
24041,24048,True
24060,24061,True
7135,7140,True
16336,16337,True
18147,18171,True
12746,12749,True
27427,27432,True
11369,11372,True
18906,19162,True
26425,26575,True
4442,4450,True
9342,9361,True
13643,13647,True
11362,11369,True
28018,28021,True
12565,12566,True
22213,22223,True
11594,11611,True
13094,13095,True
16125,16130,True
11997,12001,True
2761,2783,True
12296,12297,True
26397,26405,True
2559,2568,True
34402,34529,True
35363,35439,True
14810,14813,True
15670,15671,True
18162,18169,True
12292,12299,True
14573,14577,True
4363,4399,True
9884,9886,True
12395,12397,True
24583,24586,True
18974,18986,True
14566,14574,True
12565,12579,True
29221,29231,True
13444,13450,True
22645,22647,True
18992,19040,True
30686,30694,True
18986,18996,True
23454,23459,True
32655,32656,True
4069,4073,True
23352,23677,True
11357,11388,True
12129,12133,True
24298,24309,True
8861,8862,True
19089,19094,True
1831,1842,True
11372,11373,True
14123,14125,True
13562,13563,True
26030,26035,True
13281,13284,True
11605,11611,True
24054,24070,True
22652,22663,True
15792,15795,True
18037,18150,True
1713,1742,True
15795,15800,True
13835,13843,True
13854,13856,True
18160,18257,True
13318,13324,True
17745,17749,True
25525,25526,True
19064,19158,True
22985,22994,True
16629,16642,True
20366,20886,True
19115,19123,True
23182,23242,True
9879,9905,True
14429,14437,True
14813,14814,True
11372,11386,True
1742,1783,True
6475,6480,True
28592,28605,True
10814,10829,True
23623,23631,True
12834,12837,True
13694,13695,True
13675,13682,True
20462,20486,True
26414,26425,True
6767,6773,True
1719,1735,True
16116,16134,True
18141,18257,True
13167,13168,True
1517,1520,True
23618,23637,True
28666,28675,True
15681,15684,True
26148,26161,True
17227,17247,True
13232,13233,True
18150,18161,True
26410,26575,True
9563,9574,True
20443,20449,True
14614,14617,True
28503,28509,True
9925,9926,True
19926,19930,True
2129,2141,True
2466,2958,True
14377,14381,True
12956,12961,True
29593,29600,True
35353,35369,True
17988,17991,True
25399,25642,True
24327,24339,True
7170,7176,True
29120,29124,True
9902,9915,True
11342,11348,True
13229,13241,True
14669,14674,True
2783,2786,True
8870,8950,True
17744,17752,True
18131,18161,True
13871,13876,True
6715,6717,True
21695,21696,True
6885,6899,True
13354,13357,True
11933,11937,True
19391,19663,True
2776,2783,True
11356,11367,True
15865,15868,True
11416,11418,True
20276,20285,True
25516,25530,True
11610,11634,True
29766,29770,True
28345,28350,True
22137,22162,True
12848,12852,True
24962,25092,True
26421,26575,True
16459,16462,True
13639,13647,True
25641,25646,True
1762,1808,True
24851,25032,True
15923,15930,True
17530,17540,True
18110,18115,True
35607,35612,True
12860,12862,True
14847,14922,True
1730,1775,True
1711,1762,True
2096,2098,True
5363,5373,True
18172,18175,True
23251,23317,True
18175,18180,True
19262,19266,True
11614,11645,True
13136,13147,True
30353,30361,True
6279,6284,True
17947,17949,True
27088,27095,True
8790,8795,True
8900,8926,True
11167,11306,True
17710,17713,True
20461,20465,True
2927,3315,True
10724,10736,True
24758,25046,True
20570,20637,True
18242,18247,True
26003,26011,True
22130,22135,True
2786,2787,True
29910,29912,True
13553,13556,True
14413,14414,True
18153,18175,True
11596,11604,True
13316,13320,True
29112,29114,True
10518,10523,True
3109,3147,True
35555,35556,True
13047,13051,True
13951,13952,True
21898,21906,True
18570,18584,True
20442,20465,True
23508,23750,True
14181,14185,True
16333,16349,True
12293,12296,True
20460,20482,True
16692,16696,True
13323,13336,True
19663,19680,True
18116,18121,True
6227,6228,True
11366,11384,True
7178,7204,True
27521,27525,True
24537,24538,True
13168,13169,True
14816,14817,True
18988,18989,True
18795,18823,True
10086,10088,True
10927,10933,True
2070,2071,True
11598,11626,True
26748,26757,True
18130,18140,True
5381,5389,True
9893,9895,True
14531,14540,True
14011,14016,True
22572,22587,True
18983,18995,True
12082,12089,True
18109,18202,True
9334,9379,True
33099,33115,True
19001,19049,True
27493,27520,True
15217,15218,True
22505,22533,True
26393,26421,True
13556,13557,True
9494,9516,True
14375,14377,True
19294,19301,True
13559,13562,True
4657,4661,True
14605,14610,True
6589,6593,True
1821,1838,True
13508,13516,True
13000,13046,True
2763,2765,True
12991,12997,True
24079,24087,True
8302,8306,True
3825,4252,True
25519,25520,True
17742,17748,True
13334,13336,True
16642,16649,True
1832,1852,True
13800,13809,True
3288,3818,True
11052,11062,True
5503,5513,True
18983,19008,True
14143,14148,True
12536,12538,True
3634,3637,True
13582,13586,True
18315,18320,True
34432,34435,True
5392,5416,True
30203,30217,True
10484,10497,True
9756,9758,True
4166,4437,True
4768,4771,True
3627,3634,True
30792,30797,True
25526,25536,True
10329,10330,True
4761,4768,True
7168,7185,True
11340,11357,True
13401,13403,True
14368,14387,True
30318,30325,True
17528,17536,True
3623,3636,True
20471,20495,True
35539,35550,True
16443,16452,True
14316,14318,True
27515,27534,True
6769,6779,True
25813,25835,True
20476,20694,True
28099,28228,True
5760,5761,True
12081,12092,True
23469,23474,True
18808,18845,True
12960,12963,True
14567,14573,True
24795,25034,True
23768,23770,True
14847,14856,True
18159,18170,True
10576,10678,True
9021,9029,True
25718,25719,True
27930,27934,True
2374,2390,True
28644,28674,True
10214,10218,True
23441,23496,True
30443,30454,True
1917,1922,True
4948,4957,True
18144,18168,True
16336,16339,True
10279,10283,True
17706,17713,True
5029,5030,True
13537,13546,True
11369,11374,True
3633,3640,True
15021,15022,True
18140,18170,True
13880,13885,True
10571,10576,True
6894,6908,True
11362,11371,True
13381,13383,True
30573,30577,True
5567,5766,True
11767,11770,True
18687,18689,True
31883,31900,True
13138,13140,True
26747,26749,True
1576,1605,True
12296,12299,True
18919,18931,True
30568,30583,True
3482,3484,True
14810,14815,True
35380,35381,True
30958,30997,True
14570,14574,True
15821,15842,True
18162,18171,True
2385,2390,True
29509,29515,True
9604,9605,True
12071,12073,True
15102,15108,True
12395,12399,True
22642,22644,True
17613,17619,True
25520,25666,True
13258,13262,True
15725,15730,True
18986,18998,True
23352,23679,True
32655,32658,True
14691,14692,True
16020,16028,True
18251,18256,True
21540,21556,True
14123,14127,True
22765,22835,True
25318,25343,True
8945,8979,True
13045,13046,True
5564,5565,True
13325,13329,True
17213,17217,True
15792,15797,True
11343,11347,True
10227,10240,True
13318,13326,True
25492,25580,True
3108,3111,True
18976,19047,True
13916,13918,True
12539,12541,True
28596,28605,True
6690,6700,True
15850,15859,True
17457,17469,True
2540,2546,True
4673,4697,True
14492,14495,True
5032,5044,True
26141,26147,True
11372,11388,True
14813,14816,True
13691,13692,True
4562,4600,True
30199,30217,True
18143,18147,True
15115,15117,True
8945,8992,True
17046,17053,True
17232,17243,True
11623,11643,True
1826,1863,True
12587,12595,True
2059,2071,True
13447,13453,True
13730,13741,True
13229,13230,True
19528,19536,True
24837,24844,True
14653,14655,True
13232,13235,True
3110,3170,True
12072,12085,True
30316,30334,True
14319,14321,True
23663,24055,True
18131,18150,True
10773,10776,True
18143,18160,True
20319,20910,True
25516,25519,True
17985,17988,True
11629,11636,True
17748,17752,True
23634,23889,True
13299,13302,True
7170,7178,True
17231,17233,True
18050,18053,True
21519,21994,True
2783,2788,True
11124,11127,True
14495,14496,True
25523,25535,True
18801,18897,True
30571,30573,True
11356,11369,True
8808,8976,True
5356,5359,True
11135,11141,True
5586,5592,True
25516,25532,True
18126,18169,True
23814,23833,True
34436,34450,True
22286,22287,True
11610,11636,True
29118,29322,True
11348,11370,True
13428,13429,True
12848,12854,True
16459,16464,True
11190,11198,True
26390,26409,True
25535,25666,True
13061,13083,True
3476,3482,True
5083,5092,True
18153,18164,True
13764,13765,True
11016,11018,True
9595,9598,True
14608,14615,True
19262,19268,True
6998,7020,True
4048,4058,True
13829,13830,True
23436,23486,True
20449,20457,True
1871,1874,True
16340,16341,True
18986,19040,True
7183,7187,True
20458,20462,True
14121,14123,True
27897,27909,True
17047,17142,True
2103,2116,True
7213,7214,True
13553,13558,True
11366,11373,True
11343,11389,True
14457,14459,True
13316,13322,True
30577,30579,True
11359,11370,True
28595,28597,True
16126,16129,True
14705,14709,True
6689,6692,True
4048,4071,True
18577,18589,True
13589,13602,True
22749,22761,True
4111,4127,True
5592,5598,True
21369,21379,True
22528,22533,True
16119,16126,True
11370,11384,True
16122,16131,True
11373,11389,True
23621,23629,True
12293,12298,True
12592,12594,True
2226,2694,True
26413,26419,True
9223,9271,True
14524,14526,True
16189,16306,True
11366,11386,True
12566,12578,True
13316,13335,True
16237,16239,True
10647,10652,True
12367,12368,True
15679,15682,True
30356,30364,True
18113,18202,True
19006,19008,True
11831,11836,True
18135,18257,True
11588,11620,True
9893,9897,True
18967,19053,True
27497,27520,True
8752,8760,True
35340,35353,True
11354,11389,True
27963,27966,True
27493,27522,True
3633,3963,True
16824,16830,True
26393,26423,True
13556,13559,True
9907,9916,True
11347,11349,True
12995,12997,True
22716,22718,True
14419,14422,True
25167,25178,True
9557,9574,True
14025,14037,True
4132,4549,True
29115,29117,True
22066,22084,True
1821,1840,True
19117,19118,True
2760,2762,True
6588,6599,True
13000,13048,True
2551,2588,True
17459,17462,True
14651,14664,True
25519,25522,True
13570,13578,True
8601,8604,True
13633,13634,True
15240,15244,True
20272,20274,True
5503,5515,True
12536,12540,True
13582,13588,True
17536,17537,True
9888,9916,True
13969,13970,True
20443,20506,True
11347,11362,True
28668,28670,True
15878,15881,True
11189,11190,True
1820,1857,True
13700,13701,True
18713,18718,True
19759,19766,True
2762,2784,True
2094,2096,True
20473,20506,True
15413,15414,True
15397,15406,True
16443,16454,True
14316,14320,True
15094,15139,True
4370,4740,True
18787,18788,True
13238,13239,True
28454,28458,True
12957,12960,True
4660,4664,True
18140,18159,True
1656,1762,True
28667,28687,True
2126,2142,True
5753,5760,True
13060,13088,True
14954,14957,True
3024,3063,True
15814,15815,True
11856,11868,True
11594,11602,True
6284,6564,True
20445,20457,True
11357,11366,True
18296,18298,True
26103,26407,True
13588,13594,True
5590,5594,True
10490,10505,True
13351,13358,True
5029,5032,True
11369,11376,True
15155,15253,True
15881,15882,True
13880,13887,True
12572,12573,True
14223,14226,True
18111,18114,True
10035,10046,True
18993,19027,True
12565,12570,True
30573,30579,True
11594,11615,True
12908,12909,True
1778,1822,True
11767,11772,True
14814,14815,True
23270,23629,True
19266,19270,True
14237,14245,True
2761,2787,True
13137,13146,True
5940,5949,True
25669,25670,True
2559,2572,True
18988,19033,True
14810,14817,True
24852,24859,True
23450,23452,True
26392,26415,True
14355,14358,True
5305,5330,True
32344,32354,True
1757,1776,True
9666,9667,True
18967,18987,True
5509,5510,True
14691,14694,True
23438,23455,True
16017,16025,True
17457,17458,True
16641,16643,True
5342,5518,True
28592,28596,True
11885,11898,True
13905,13906,True
13325,13331,True
18980,19047,True
14185,14189,True
16633,16644,True
13044,13052,True
15795,15804,True
13107,13108,True
23634,23636,True
14197,14199,True
19064,19162,True
3149,3151,True
13916,13920,True
16629,16646,True
10308,10315,True
11619,11634,True
19115,19127,True
12539,12543,True
13399,13401,True
19010,19047,True
19498,20033,True
26141,26149,True
2883,2887,True
8643,8656,True
13691,13694,True
5334,5347,True
18143,18149,True
14015,14020,True
25343,25351,True
9005,9008,True
24054,24087,True
14317,14321,True
15924,15931,True
12376,12377,True
1719,1739,True
9867,9912,True
18996,19004,True
8979,8992,True
10699,10708,True
13510,13511,True
10141,10151,True
12072,12087,True
34576,34621,True
17419,17421,True
14602,14611,True
10773,10778,True
11356,11358,True
18143,18162,True
13867,13869,True
9906,9917,True
3288,3299,True
18996,19017,True
1971,1973,True
9391,9407,True
13598,13600,True
18998,19026,True
13642,13643,True
17530,17531,True
24837,24859,True
17980,17996,True
18604,18614,True
3107,3116,True
14495,14498,True
13934,13936,True
11614,11636,True
11356,11371,True
21933,21986,True
13136,13138,True
20424,20453,True
12575,12576,True
25516,25534,True
18126,18171,True
6228,6229,True
13989,13993,True
11348,11372,True
20442,20443,True
4570,4573,True
5862,5879,True
25544,25717,True
19269,19273,True
24843,24852,True
12674,12676,True
22319,22816,True
10112,10119,True
3476,3484,True
14608,14617,True
17998,17999,True
12969,12974,True
30353,30365,True
13829,13832,True
9288,9305,True
11588,11596,True
5998,6009,True
2390,2404,True
17991,17996,True
17130,17142,True
18570,18575,True
14121,14125,True
12741,12743,True
20461,20469,True
18141,18169,True
13585,13593,True
11603,11611,True
13043,13044,True
24412,24413,True
11363,11370,True
18242,18251,True
6334,6345,True
26003,26015,True
13553,13560,True
15273,15276,True
13036,13041,True
1620,1826,True
15317,15319,True
13316,13324,True
1799,1828,True
14756,14757,True
12755,12762,True
12796,12800,True
26405,26409,True
13035,13045,True
11359,11372,True
18130,18131,True
20449,20472,True
21740,21782,True
10362,10364,True
11370,11386,True
18983,18986,True
6401,6412,True
4252,4253,True
29230,29231,True
23621,23631,True
2556,2571,True
14823,14824,True
24991,25005,True
18995,18996,True
5026,5044,True
11366,11388,True
13726,13730,True
14586,14588,True
18139,18257,True
9557,9563,True
24773,24782,True
1620,1839,True
1821,1829,True
1840,1842,True
27845,27855,True
9900,9902,True
12367,12370,True
15679,15684,True
20276,20786,True
11358,11389,True
5381,5393,True
9893,9899,True
27497,27522,True
11052,11053,True
17392,17397,True
9911,9916,True
16015,16020,True
9955,9959,True
18169,18257,True
5313,5343,True
8017,8020,True
2389,2407,True
13452,13467,True
16638,16642,True
1828,1845,True
26393,26425,True
26025,26029,True
14656,14660,True
19965,19968,True
13556,13561,True
26324,26325,True
11388,11389,True
14375,14381,True
25167,25180,True
1821,1842,True
25526,25527,True
25397,25642,True
21338,21347,True
9900,9915,True
11340,11348,True
21848,21863,True
17739,17747,True
13570,13580,True
17742,17752,True
25002,25005,True
6152,6155,True
13352,13357,True
20272,20276,True
1728,1735,True
12536,12542,True
13695,13696,True
5846,5856,True
16446,16448,True
27515,27525,True
11347,11364,True
28665,28667,True
9906,9972,True
6138,6149,True
18159,18161,True
12591,12599,True
21357,21373,True
35606,35608,True
6780,6784,True
17528,17540,True
18880,19126,True
12373,12376,True
18993,19003,True
2762,2786,True
2094,2098,True
13762,13763,True
9574,9583,True
6152,6168,True
1711,1808,True
9243,9254,True
24336,24339,True
2757,2792,True
13238,13241,True
18156,18169,True
16568,16572,True
1739,1762,True
24909,24911,True
4619,4665,True
13540,13542,True
14567,14577,True
18140,18161,True
28236,28237,True
1802,1818,True
24839,24852,True
6894,6899,True
14954,14959,True
17941,17951,True
24041,24054,True
2784,2787,True
19352,19363,True
2787,2792,True
12495,12500,True
18154,18180,True
20275,20277,True
1709,1711,True
10478,10497,True
2777,2784,True
23270,23618,True
10516,10523,True
2761,2776,True
18144,18172,True
26103,26409,True
9166,9249,True
17539,17540,True
13351,13360,True
14856,14922,True
20869,20871,True
12273,12279,True
24048,24070,True
12572,12575,True
6163,6168,True
22671,22922,True
15364,15365,True
13583,13602,True
18111,18116,True
6893,6916,True
18114,18121,True
2765,2787,True
14566,14567,True
13145,13147,True
12565,12572,True
11364,11384,True
2768,2792,True
12864,12868,True
16437,16452,True
18684,18688,True
14814,14817,True
2629,2633,True
16238,16242,True
26186,26191,True
26406,26423,True
23270,23631,True
14297,14298,True
24298,24302,True
13137,13148,True
2559,2574,True
14060,14062,True
19259,19269,True
9374,9376,True
35250,35275,True
24520,24536,True
1675,1709,True
18037,18143,True
1713,1735,True
25163,25167,True
26023,26025,True
18974,18992,True
29634,29635,True
13277,13279,True
13557,13562,True
11619,11623,True
35667,35684,True
13569,13572,True
4393,4405,True
28009,28018,True
26011,26028,True
23623,23624,True
21902,21912,True
13905,13908,True
14765,14766,True
18073,18079,True
18037,18156,True
11623,11634,True
15795,15806,True
5327,5333,True
1719,1728,True
13107,13110,True
29911,29926,True
12867,12869,True
16998,17003,True
28666,28668,True
24538,24539,True
11748,11750,True
35673,35704,True
17227,17240,True
13399,13403,True
16633,16767,True
24058,24087,True
29002,29004,True
12645,12648,True
13691,13696,True
18143,18151,True
13694,13701,True
14595,14597,True
4237,4255,True
13236,13237,True
18996,19006,True
24844,24851,True
13994,14084,True
13239,13242,True
11859,11860,True
11606,11643,True
10699,10710,True
17619,17629,True
13229,13234,True
1711,1742,True
17980,17985,True
13572,13573,True
12091,12102,True
11010,11016,True
24471,24498,True
20302,20560,True
11555,11570,True
8306,8312,True
25523,25526,True
29002,29017,True
30442,30450,True
11633,11638,True
2136,2150,True
10757,10772,True
14964,14965,True
6755,6782,True
11636,11643,True
3938,3972,True
25516,25523,True
25535,25536,True
22503,23030,True
11349,11357,True
23253,23262,True
12789,12790,True
8768,8787,True
21129,21133,True
11991,11992,True
13639,13640,True
17451,17469,True
17530,17533,True
28338,28340,True
12072,12102,True
3624,3637,True
24493,24499,True
16155,16165,True
27524,27534,True
30571,30577,True
12046,12049,True
2548,2602,True
5356,5363,True
13136,13140,True
30353,30354,True
12575,12578,True
6219,6226,True
17008,17020,True
25516,25536,True
2671,2672,True
12619,12621,True
13759,13762,True
15130,15132,True
26678,26695,True
30566,30583,True
13989,13995,True
11348,11374,True
20442,20445,True
21232,21796,True
15148,15149,True
13472,13476,True
25641,25652,True
18160,18171,True
14612,14617,True
30559,30580,True
30452,30454,True
12913,12923,True
18153,18168,True
31822,31828,True
11596,11597,True
1799,1817,True
16347,16348,True
11526,11538,True
30183,30185,True
19039,19200,True
20465,20469,True
13829,13834,True
2047,2067,True
18149,18170,True
1940,1941,True
16337,16340,True
20449,20461,True
27104,27109,True
11588,11598,True
24356,24362,True
17947,17955,True
16639,16641,True
7183,7191,True
18570,18577,True
14121,14127,True
18141,18171,True
16333,16342,True
13043,13046,True
13323,13329,True
19023,19047,True
11363,11372,True
11382,11385,True
24991,24994,True
5026,5033,True
30515,30523,True
4616,4640,True
1667,1674,True
15317,15321,True
13316,13326,True
13035,13047,True
30577,30583,True
11359,11374,True
14239,14240,True
13079,13090,True
16126,16133,True
12578,12579,True
13142,13146,True
12861,12867,True
9499,9503,True
16119,16130,True
2623,2627,True
11370,11388,True
15822,15843,True
5392,5396,True
2556,2573,True
13452,13456,True
27493,27513,True
2408,2409,True
26393,26414,True
15683,15684,True
9494,9509,True
2058,2067,True
10118,10127,True
4956,4987,True
1821,1831,True
14009,14020,True
17957,17959,True
13508,13509,True
13788,13792,True
8740,8754,True
30356,30368,True
13573,13574,True
1832,1845,True
11096,11098,True
9955,9961,True
32072,32086,True
2065,2083,True
17454,17459,True
13046,13047,True
27493,27526,True
29122,29124,True
2127,2143,True
9888,9907,True
29125,29129,True
13556,13563,True
26324,26327,True
26024,26035,True
18975,19002,True
17746,17752,True
25526,25529,True
29118,29126,True
13000,13052,True
13640,13641,True
12540,12542,True
12070,12098,True
12543,12547,True
25519,25526,True
6994,6998,True
23631,23637,True
22720,22733,True
12536,12544,True
22723,22738,True
23624,23634,True
13695,13698,True
29236,29239,True
14486,14493,True
22977,23005,True
25637,25639,True
28665,28669,True
13987,13991,True
18140,18150,True
1642,1818,True
13514,13515,True
25122,25129,True
3244,3286,True
2762,2788,True
26492,26503,True
5667,5684,True
10715,10722,True
8774,8778,True
23663,24356,True
30443,30447,True
35527,35667,True
29926,29928,True
10235,10270,True
19928,19929,True
12957,12964,True
12081,12098,True
18156,18171,True
10833,10835,True
11860,11870,True
24048,24059,True
25532,25535,True
12783,12784,True
11362,11364,True
11941,11943,True
3345,3351,True
15016,15021,True
11594,11606,True
18135,18169,True
12495,12502,True
1709,1713,True
2777,2786,True
14366,14387,True
11357,11370,True
23624,23889,True
9416,9426,True
2559,2563,True
13587,13602,True
3633,3646,True
3072,3084,True
2772,2792,True
12572,12577,True
15364,15367,True
26392,26406,True
13476,13478,True
12915,12916,True
6893,6918,True
14566,14569,True
4057,4058,True
11364,11386,True
16437,16454,True
20583,20637,True
18995,19040,True
20435,20473,True
14814,14819,True
6158,6176,True
13418,13429,True
26406,26425,True
13717,13725,True
13780,13781,True
21455,21505,True
8750,8760,True
12683,12687,True
12903,12919,True
11605,11606,True
24520,24538,True
1675,1711,True
4057,4071,True
16629,16637,True
2459,2466,True
28017,28019,True
19115,19118,True
24427,24431,True
13569,13574,True
17457,17462,True
28009,28020,True
26421,26423,True
8624,8634,True
16703,16707,True
7266,7270,True
5378,5381,True
13325,13335,True
20291,20599,True
22333,22366,True
11623,11636,True
23685,23686,True
18122,18202,True
29911,29928,True
13107,13112,True
24995,25009,True
12590,12593,True
11597,11620,True
13450,13451,True
3108,3117,True
13730,13734,True
28666,28670,True
24538,24541,True
13213,13215,True
17227,17242,True
15100,15108,True
8930,8946,True
18131,18143,True
1513,1517,True
18150,18156,True
22884,23529,True
23453,23457,True
8816,8817,True
1568,1574,True
20445,20490,True
17405,17406,True
9568,9583,True
13236,13239,True
24844,24853,True
18996,19008,True
11606,11645,True
11342,11343,True
13229,13236,True
14653,14661,True
19121,19124,True
12072,12091,True
1656,1808,True
17980,17987,True
3942,3972,True
26040,26047,True
18150,18169,True
18131,18156,True
14602,14615,True
25243,25245,True
13874,13876,True
6885,6894,True
9897,9916,True
14964,14967,True
11356,11362,True
11636,11645,True
25453,25469,True
20443,20457,True
10868,11019,True
2646,2668,True
1959,1967,True
25516,25525,True
13586,13594,True
3569,3582,True
21813,21831,True
11610,11629,True
11348,11363,True
16160,16161,True
29769,29770,True
28669,28671,True
17231,17239,True
9382,9591,True
15923,15925,True
30559,30569,True
16452,16454,True
9384,9408,True
15125,15127,True
13143,13145,True
29912,29940,True
30571,30579,True
2886,2892,True
19526,19536,True
13136,13142,True
30353,30356,True
18149,18159,True
24804,24807,True
2926,2964,True
18168,18172,True
10728,10729,True
6219,6228,True
14040,14043,True
13435,13438,True
2671,2674,True
10731,10734,True
11348,11376,True
29038,29039,True
15148,15151,True
7932,7941,True
1702,1765,True
10724,10731,True
26390,26415,True
14608,14621,True
7187,7191,True
14967,14968,True
11359,11363,True
31043,31045,True
1669,1709,True
22986,22990,True
13589,13595,True
31809,32012,True
15032,15033,True
16639,16643,True
20426,20479,True
8641,8643,True
16402,16407,True
6965,6970,True
15882,15883,True
8401,8698,True
13043,13048,True
13903,13906,True
13323,13331,True
11363,11374,True
14183,14189,True
11602,11619,True
25587,25781,True
4616,4642,True
12566,12571,True
2568,2572,True
1799,1832,True
12569,12576,True
23957,23958,True
18883,18931,True
11359,11376,True
14239,14242,True
15099,15100,True
21776,22261,True
6890,6917,True
7549,7556,True
18130,18135,True
13142,13148,True
24769,24775,True
4520,4530,True
12861,12869,True
27497,27513,True
8752,8753,True
20319,20366,True
2563,2578,True
26419,26432,True
8641,8656,True
14014,14016,True
14013,14020,True
2556,2575,True
2575,2588,True
22505,22528,True
24991,25009,True
10695,10699,True
13726,13734,True
13508,13511,True
13000,13041,True
12367,12374,True
21675,21697,True
13788,13794,True
3604,3605,True
22989,22991,True
12991,12992,True
18130,18148,True
13570,13571,True
16882,16885,True
20190,20198,True
18989,19047,True
27497,27526,True
12193,12194,True
22720,22722,True
14704,14705,True
4327,4350,True
25322,25351,True
16638,16646,True
10484,10492,True
19124,19127,True
2057,2086,True
1656,1742,True
14438,14441,True
13322,13334,True
10889,10891,True
1839,1863,True
13640,13643,True
10032,10038,True
17528,17531,True
14500,14501,True
12540,12544,True
13400,13402,True
4763,4772,True
17739,17751,True
26159,26383,True
2762,2777,True
5554,5567,True
35327,35366,True
2512,2602,True
35096,35241,True
6152,6159,True
1728,1739,True
3634,3645,True
16443,16447,True
23624,23636,True
13695,13700,True
12315,12318,True
16446,16452,True
17053,17130,True
18973,19200,True
6769,6774,True
10657,10662,True
15128,15130,True
18156,18160,True
9887,9926,True
14847,14851,True
13470,13474,True
24839,24843,True
2142,2143,True
6543,6552,True
19352,19354,True
2674,2677,True
2374,2385,True
13762,13767,True
26791,26801,True
14606,14617,True
17257,17431,True
19928,19931,True
19007,19026,True
3633,3635,True
6100,6103,True
19033,19200,True
35357,35379,True
35656,35675,True
6963,6966,True
9755,9756,True
9342,9358,True
13643,13644,True
24410,24413,True
24041,24058,True
28342,28344,True
9124,9135,True
2768,2783,True
18135,18171,True
6158,6165,True
2777,2788,True
11357,11372,True
13698,13701,True
19875,20310,True
18144,18176,True
13137,13139,True
6170,6175,True
19259,19260,True
24843,25032,True
14573,14574,True
12572,12579,True
21773,21776,True
15092,15139,True
12912,12913,True
2107,2111,True
26410,26425,True
18974,18983,True
14566,14571,True
12565,12576,True
2677,2678,True
11364,11388,True
22626,22631,True
8755,8756,True
22644,22648,True
14067,14069,True
6158,6178,True
16238,16246,True
13717,13727,True
24055,24319,True
18988,19039,True
20469,20473,True
1831,1839,True
19259,19273,True
12982,12985,True
13842,13843,True
23213,23222,True
12745,12749,True
1675,1713,True
13044,13045,True
22992,22994,True
18037,18147,True
8015,8020,True
15795,15797,True
6146,6181,True
26023,26029,True
18974,18996,True
23340,23677,True
11386,11389,True
13318,13321,True
23618,23621,True
16629,16639,True
28017,28021,True
5489,5507,True
25158,25177,True
24471,24476,True
5032,5039,True
22340,22371,True
26421,26425,True
13111,13112,True
6475,6477,True
13675,13679,True
18148,18257,True
20462,20483,True
13394,13400,True
17046,17048,True
18037,18160,True
20464,20492,True
16116,16131,True
14528,14534,True
9867,9905,True
4807,4813,True
11367,11389,True
25635,25637,True
17619,17620,True
3108,3119,True
15917,15921,True
23618,23634,True
3646,3963,True
13169,13174,True
13730,13736,True
6760,6767,True
24837,24839,True
17227,17244,True
13512,13513,True
25139,25177,True
29002,29008,True
15673,15682,True
14365,14368,True
22950,23067,True
11866,11867,True
12190,12193,True
14377,14378,True
17405,17408,True
13236,13241,True
21389,21529,True
22956,23003,True
24327,24336,True
22947,22954,True
10418,10435,True
24837,24852,True
1739,1808,True
14653,14663,True
3624,3628,True
13871,13873,True
27524,27525,True
3573,3582,True
25523,25530,True
11167,11169,True
11614,11629,True
10606,10607,True
16946,16951,True
11356,11364,True
11135,11136,True
25516,25527,True
22656,23505,True
1681,1695,True
8680,8907,True
17537,17540,True
11348,11365,True
3912,3923,True
13393,13403,True
3691,3695,True
23618,23889,True
31656,31665,True
8723,8725,True
11190,11193,True
17530,17537,True
30559,30571,True
11193,11198,True
19379,19663,True
14652,14680,True
15125,15129,True
13143,13147,True
6548,6550,True
35480,35541,True
9535,9542,True
35540,35555,True
14608,14610,True
11466,11478,True
10965,10967,True
8649,8668,True
2047,2058,True
13249,13250,True
18149,18161,True
11588,11589,True
14040,14045,True
5998,6002,True
10731,10736,True
13759,13766,True
24839,25032,True
20442,20449,True
11301,11303,True
13541,13543,True
18141,18162,True
31656,31678,True
35415,35681,True
14612,14621,True
29592,29600,True
19663,19664,True
18242,18244,True
18153,18172,True
11343,11384,True
13035,13038,True
14494,14521,True
11359,11365,True
29436,29437,True
1669,1711,True
22986,22992,True
29114,29157,True
18858,18863,True
20465,20473,True
11377,11382,True
3363,3963,True
16337,16344,True
18577,18584,True
20449,20465,True
13047,13048,True
1709,1783,True
17540,17541,True
5314,5319,True
18570,18581,True
16982,16984,True
11354,11371,True
11373,11384,True
12854,12855,True
6404,6410,True
18872,19148,True
23621,23624,True
15885,15890,True
13903,13908,True
11363,11376,True
13383,13384,True
1673,1722,True
20583,20586,True
22515,22710,True
9494,9500,True
2426,2454,True
13146,13148,True
12566,12573,True
2568,2574,True
12569,12578,True
14009,14011,True
26405,26415,True
13035,13051,True
19268,19269,True
24536,24539,True
14239,14244,True
15099,15102,True
13812,13911,True
25907,25909,True
20871,21339,True
18983,18992,True
4047,4056,True
12082,12086,True
11354,11384,True
2065,2074,True
2405,2408,True
32030,32080,True
11602,11634,True
12075,12083,True
13515,13516,True
9907,9911,True
18580,18723,True
13839,13842,True
25246,25466,True
29635,29636,True
20175,20710,True
13322,13323,True
13508,13513,True
13000,13043,True
12367,12376,True
17399,17406,True
5510,5513,True
26039,26041,True
12070,12089,True
17739,17740,True
5554,5556,True
2390,2894,True
14430,14431,True
13614,13616,True
16642,16646,True
14660,14664,True
21674,21676,True
6083,6314,True
5503,5510,True
9482,9516,True
13002,13008,True
23750,23764,True
29923,29931,True
13046,13051,True
13326,13334,True
20485,20498,True
12784,12785,True
2127,2147,True
9888,9911,True
11347,11357,True
13108,13111,True
5911,5914,True
11986,11987,True
9777,9814,True
1969,1975,True
12591,12592,True
25397,25648,True
13322,13336,True
1972,1980,True
20837,20842,True
14781,14782,True
17528,17533,True
13400,13404,True
20987,21540,True
15840,15971,True
3817,3849,True
3046,3477,True
30314,30324,True
19005,19006,True
12085,12087,True
12536,12548,True
11615,11643,True
23457,23461,True
10708,10710,True
35663,35704,True
12938,12942,True
12081,12089,True
30430,30620,True
18156,18162,True
15128,15132,True
14567,14570,True
4490,4507,True
13451,13463,True
2126,2137,True
28670,28687,True
30450,30454,True
13233,13240,True
6764,6782,True
12454,12455,True
8846,8850,True
14965,14966,True
13588,13589,True
18147,18170,True
15179,15191,True
13351,13353,True
11369,11371,True
16678,16679,True
6100,6105,True
20478,20979,True
18139,18171,True
26112,26114,True
13583,13595,True
26392,26397,True
9755,9758,True
13082,13084,True
17235,17243,True
16157,16162,True
18992,19026,True
23270,23624,True
11357,11374,True
14237,14240,True
12277,12283,True
26103,26415,True
13137,13141,True
18169,18171,True
2559,2567,True
13140,13146,True
24956,24975,True
26415,26421,True
30568,30580,True
19259,19262,True
14810,14812,True
12043,12052,True
14570,14571,True
5073,5083,True
35250,35268,True
17900,17902,True
1782,1828,True
26392,26410,True
18111,18122,True
1713,1728,True
12395,12396,True
16242,16246,True
14566,14573,True
13258,13259,True
12678,12684,True
11597,11598,True
12328,12342,True
24856,24865,True
21847,21848,True
18037,18257,True
12752,12754,True
30199,30201,True
13281,13283,True
13325,13326,True
15792,15794,True
13044,13047,True
18037,18149,True
10016,10017,True
22992,22996,True
13835,13842,True
11106,11108,True
23340,23679,True
28603,28605,True
23618,23623,True
16629,16641,True
10308,10310,True
22644,22663,True
9879,9904,True
5039,5044,True
15831,15843,True
15850,15856,True
16984,16990,True
10924,10929,True
13675,13681,True
14535,14539,True
13394,13402,True
14484,14493,True
1735,1742,True
27513,27527,True
8749,8754,True
21582,21913,True
2018,2030,True
24200,24550,True
11606,11636,True
25635,25639,True
13450,13455,True
23618,23636,True
3388,3404,True
1711,1735,True
13512,13515,True
9343,9348,True
2074,2083,True
18131,18147,True
20318,20332,True
18150,18160,True
35219,35247,True
12415,12421,True
14602,14606,True
14901,14902,True
30442,30443,True
15673,15684,True
9897,9907,True
10776,10778,True
2926,2942,True
19926,19929,True
3569,3573,True
14377,14380,True
23858,23860,True
32973,33017,True
11348,11354,True
12079,12098,True
19988,19989,True
16090,16093,True
3561,3574,True
25530,25535,True
19121,19128,True
8944,9127,True
17980,17991,True
18131,18160,True
28340,28342,True
19930,19940,True
25523,25532,True
6998,7004,True
14365,14383,True
18149,18150,True
25516,25529,True
16447,16451,True
18978,19200,True
2882,2885,True
29766,29769,True
6880,6904,True
11348,11367,True
9391,9415,True
13692,13701,True
28669,28675,True
15923,15929,True
30559,30573,True
13194,13195,True
26390,26406,True
24843,24847,True
8925,9090,True
15125,15131,True
12396,12397,True
11343,11373,True
14608,14612,True
10003,10063,True
1811,1820,True
2671,2678,True
17947,17948,True
13759,13768,True
18752,18870,True
18019,18053,True
17710,17712,True
25523,25666,True
5071,5092,True
11603,11606,True
12743,12747,True
11363,11365,True
22130,22134,True
22990,22992,True
21369,21484,True
11366,11370,True
11343,11386,True
1620,1821,True
12456,12461,True
1713,1783,True
11595,11607,True
24404,24409,True
18974,19040,True
11359,11367,True
1669,1713,True
22986,22994,True
4048,4068,True
28339,28345,True
11588,11604,True
15032,15037,True
13611,13617,True
8729,8760,True
11354,11373,True
11373,11386,True
15882,15887,True
12813,12819,True
19004,19040,True
13323,13335,True
26393,26407,True
9028,9029,True
11602,11623,True
26431,26433,True
18976,18978,True
5026,5039,True
4525,4528,True
12566,12575,True
14009,14013,True
22737,22761,True
24817,24820,True
20455,20487,True
24536,24541,True
19001,19156,True
15099,15104,True
30356,30361,True
11358,11384,True
18130,18139,True
18990,18997,True
11342,11376,True
18980,18989,True
3640,3963,True
24817,24941,True
4047,4058,True
11354,11386,True
7113,7114,True
4941,5466,True
9904,9908,True
17945,17955,True
11602,11636,True
12075,12085,True
31743,31759,True
13559,13561,True
13322,13325,True
12761,12763,True
11340,11343,True
13000,13045,True
8740,8760,True
11620,11626,True
6071,6077,True
17399,17408,True
5510,5515,True
19119,19124,True
14651,14661,True
2762,2768,True
3342,3343,True
11342,11389,True
13334,13335,True
14704,14709,True
17952,17971,True
9895,9916,True
4047,4071,True
17454,17465,True
13326,13336,True
1828,1853,True
17737,17753,True
2581,2585,True
11347,11359,True
13108,13113,True
18140,18143,True
29115,29127,True
12591,12594,True
15924,15994,True
28667,28671,True
13640,13647,True
7492,7510,True
12540,12548,True
16992,17003,True
20020,20033,True
6152,6163,True
14045,14046,True
19005,19008,True
11615,11645,True
14316,14317,True
18144,18154,True
18147,18159,True
1663,1762,True
2757,2787,True
11870,11871,True
20308,20328,True
14847,14855,True
18140,18156,True
18159,18169,True
24908,24910,True
14611,14615,True
2142,2147,True
6761,6779,True
20461,20506,True
1864,1873,True
18151,18170,True
